key,ext_date,extraction_id
1,10/16/17,odo_0332A.sw1
2,10/16/17,odo_0333A.sw1
3,10/16/17,odo_0334A.sw1
4,10/16/17,odo_0335A.sw1
5,10/16/17,odo_0336A.sw1
6,10/16/17,odo_0337A.sw1
7,10/16/17,odo_0338A.sw1
8,10/16/17,odo_0339A.sw1
9,10/16/17,odo_0340A.sw1
10,10/16/17,odo_0341A.sw1
11,10/16/17,odo_0342A.sw1
12,10/16/17,odo_0343A.sw1
13,10/16/17,odo_0344A.sw1
14,10/16/17,odo_0345.sw1
15,10/16/17,odo_0346A.sw1
16,10/16/17,odo_0347A.sw1
17,10/16/17,odo_0348A.sw1
18,10/16/17,odo_0349A.sw1
19,10/16/17,odo_0350A.sw1
20,10/16/17,odo_0351A.sw1
21,10/16/17,odo_0352A.sw1
22,10/16/17,odo_0353A.sw1
23,10/16/17,odo_0354A.sw1
24,10/16/17,odo_0355A.sw1
25,10/17/17,odo_0356A.sw1
26,10/17/17,odo_0357A.sw1
27,10/17/17,odo_0358A.sw1
28,10/17/17,odo_0359A.sw1
29,10/17/17,odo_0360A.sw1
30,10/17/17,odo_0361A.sw1
31,10/17/17,odo_0362A.sw1
32,10/17/17,odo_0363A.sw1
33,10/17/17,odo_0364A.sw1
34,10/17/17,odo_0365A.sw1
35,10/17/17,odo_0366A.sw1
36,10/17/17,odo_0367A.sw1
37,10/17/17,odo_0368A.sw1
38,10/17/17,odo_0369A.sw1
39,10/17/17,odo_0370A.sw1
40,10/17/17,odo_0371A.sw1
41,10/17/17,odo_0372A.sw1
42,10/17/17,odo_0373A.sw1
43,10/17/17,odo_0374.sw1
44,10/17/17,odo_0375.sw1
45,10/17/17,odo_0376.sw1
46,10/17/17,odo_0377.sw1
47,10/17/17,odo_0378.sw1
48,10/17/17,odo_0379.sw1
49,10/17/17,odo_0380.sw1
50,10/17/17,odo_0381.sw1
51,10/17/17,odo_0382.sw1
52,10/17/17,odo_0383.sw1
53,10/17/17,odo_0384.sw1
54,10/17/17,odo_0385.sw1
55,10/17/17,odo_0386.sw1
56,10/17/17,odo_0387.sw1
57,10/17/17,odo_0388.sw1
58,10/17/17,odo_0389.sw1
59,10/17/17,odo_0390.sw1
60,10/17/17,odo_0391.sw1
61,10/17/17,odo_0392.sw1
62,10/17/17,odo_0393.sw1
63,10/17/17,odo_0394.sw1
64,10/17/17,odo_0395.sw1
65,10/17/17,odo_0396.sw1
66,10/17/17,odo_0397.sw1
67,10/17/17,odo_0398.sw1
68,10/17/17,odo_0399.sw1
69,10/17/17,odo_0400.sw1
70,10/17/17,odo_0401.sw1
71,10/17/17,odo_0402.sw1
72,10/17/17,odo_0403.sw1
73,10/20/17,odo_0404.sw1
74,10/20/17,odo_0405.sw1
75,10/20/17,odo_0406.sw1
76,10/20/17,odo_0407.sw1
77,10/20/17,odo_0408.sw1
78,10/20/17,odo_0409.sw1
79,10/20/17,odo_0410.sw1
80,10/20/17,odo_0411.sw1
81,10/20/17,odo_0412.sw1
82,10/20/17,odo_0413.sw1
83,10/20/17,odo_0414.sw1
84,10/20/17,odo_0415.sw1
85,10/20/17,odo_0416.sw1
86,10/20/17,odo_0417.sw1
87,10/20/17,odo_0418.sw1
88,10/20/17,odo_0419.sw1
89,10/20/17,odo_0420.sw1
90,10/20/17,odo_0421.sw1
91,10/20/17,odo_0422.sw1
92,10/20/17,odo_0423.sw1
93,10/20/17,odo_0424.sw1
94,10/20/17,odo_0425.sw1
95,10/20/17,odo_0426.sw1
96,10/20/17,odo_0427.sw1
97,10/20/17,odo_0428.sw1
98,10/20/17,odo_0429.sw1
99,10/20/17,odo_0430.sw1
100,10/20/17,odo_0431.sw1
101,10/20/17,odo_0432.sw1
102,10/20/17,odo_0433.sw1
103,10/20/17,odo_0434.sw1
104,10/20/17,odo_0435.sw1
105,10/20/17,odo_0436.sw1
106,10/20/17,odo_0437.sw1
107,10/20/17,odo_0438.sw1
108,10/20/17,odo_0439.sw1
109,10/20/17,odo_0440.sw1
110,10/20/17,odo_0441.sw1
111,10/20/17,odo_0442.sw1
112,10/20/17,odo_0443.sw1
113,10/20/17,odo_0444.sw1
114,10/20/17,odo_0445.sw1
115,10/20/17,odo_0446.sw1
116,10/20/17,odo_0447.sw1
117,10/20/17,odo_0448.sw1
118,10/20/17,odo_0449.sw1
119,10/20/17,odo_0450.sw1
120,10/20/17,odo_0451.sw1
121,10/23/17,odo_0452.sw1
122,10/23/17,odo_0453.sw1
123,10/23/17,odo_0454.sw1
124,10/23/17,odo_0455.sw1
125,10/23/17,odo_0456.sw1
126,10/23/17,odo_0457.sw1
127,10/23/17,odo_0458.sw1
128,10/23/17,odo_0459.sw1
129,10/23/17,odo_0460.sw1
130,10/23/17,odo_0461.sw1
131,10/23/17,odo_0462.sw1
132,10/23/17,odo_0463.sw1
133,10/23/17,odo_0464.sw1
134,10/23/17,odo_0465.sw1
135,10/23/17,odo_0466.sw1
136,10/23/17,odo_0467.sw1
137,10/23/17,odo_0468.sw1
138,10/23/17,odo_0469.sw1
139,10/23/17,odo_0470.sw1
140,10/23/17,odo_0471.sw1
141,10/23/17,odo_0472.sw1
142,10/23/17,odo_0473.sw1
143,10/23/17,odo_0474.sw1
144,10/23/17,odo_0475.sw1
145,10/24/17,odo_0335B.sw1
146,10/24/17,odo_0340B.sw1
147,10/24/17,odo_0341B.sw1
148,10/24/17,odo_0351B.sw1
149,10/24/17,odo_0362B.sw1
150,10/24/17,odo_0368B.sw1
151,10/24/17,odo_0369B.sw1
152,10/24/17,odo_0476.sw1
153,10/24/17,odo_0477.sw1
154,10/24/17,odo_0478.sw1
155,10/24/17,odo_0479.sw1
156,10/24/17,odo_0480.sw1
157,10/24/17,odo_0481.sw1
158,10/24/17,odo_0482.sw1
159,10/24/17,odo_0483.sw1
160,10/24/17,odo_0484.sw1
161,10/24/17,odo_0485.sw1
162,10/24/17,odo_0486.sw1
163,10/24/17,odo_0487.sw1
164,10/24/17,odo_0488.sw1
165,10/24/17,odo_0489.sw1
166,10/24/17,odo_0490.sw1
167,10/24/17,odo_0491.sw1
168,10/24/17,odo_0492.sw1
169,10/27/17,odo_0493.sw1
170,10/27/17,odo_0494.sw1
171,10/27/17,odo_0495.sw1
172,10/27/17,odo_0496.sw1
173,10/27/17,odo_0497.sw1
174,10/27/17,odo_0498.sw1
175,10/27/17,odo_0499.sw1
176,10/27/17,odo_0500.sw1
177,10/27/17,odo_0501.sw1
178,10/27/17,odo_0502.sw1
179,10/27/17,odo_0503.sw1
180,10/27/17,odo_0504A.sw1
181,10/27/17,odo_0505.sw1
182,10/27/17,odo_0506.sw1
183,10/27/17,odo_0507.sw1
184,10/27/17,odo_0508.sw1
185,10/27/17,odo_0509.sw1
186,10/27/17,odo_0510.sw1
187,10/27/17,odo_0511.sw1
188,10/27/17,odo_0512.sw1
189,10/27/17,odo_0513.sw1
190,10/27/17,odo_0514.sw1
191,10/27/17,odo_0515.sw1
192,10/27/17,odo_0516.sw1
193,10/27/17,odo_0517.sw1
194,10/27/17,odo_0518.sw1
195,10/27/17,odo_0519.sw1
196,10/27/17,odo_0520.sw1
197,10/27/17,odo_0521.sw1
198,10/27/17,odo_0522.sw1
199,10/27/17,odo_0523.sw1
200,10/27/17,odo_0524.sw1
201,10/27/17,odo_0525.sw1
202,10/27/17,odo_0526.sw1
203,10/27/17,odo_0527.sw1
204,10/27/17,odo_0528.sw1
205,10/27/17,odo_0529.sw1
206,10/27/17,odo_0530.sw1
207,10/27/17,odo_0531.sw1
208,10/27/17,odo_0532.sw1
209,10/27/17,odo_0533.sw1
210,10/27/17,odo_0534.sw1
211,10/27/17,odo_0535.sw1
212,10/27/17,odo_0536.sw1
213,10/27/17,odo_0537.sw1
214,10/27/17,odo_0538.sw1
215,10/27/17,odo_0539.sw1
216,10/27/17,odo_0540.sw1
217,10/30/17,odo_0541.sw1
218,10/30/17,odo_0542.sw1
219,10/30/17,odo_0543.sw1
220,10/30/17,odo_0544.sw1
221,10/30/17,odo_0545.sw1
222,10/30/17,odo_0546.sw1
223,10/30/17,odo_0547.sw1
224,10/30/17,odo_0548.sw1
225,10/30/17,odo_0549.sw1
226,10/30/17,odo_0550.sw1
227,10/30/17,odo_0551.sw1
228,10/30/17,odo_0552.sw1
229,10/30/17,odo_0553.sw1
230,10/30/17,odo_0554.sw1
231,10/30/17,odo_0555.sw1
232,10/30/17,odo_0556.sw1
233,10/30/17,odo_0557.sw1
234,10/30/17,odo_0558.sw1
235,10/30/17,odo_0559.sw1
236,10/30/17,odo_0560.sw1
237,10/30/17,odo_0561.sw1
238,10/30/17,odo_0562.sw1
239,10/30/17,odo_0563.sw1
240,10/30/17,odo_0564.sw1
241,10/30/17,odo_0565.sw1
242,10/30/17,odo_0566.sw1
243,10/30/17,odo_0567.sw1
244,10/30/17,odo_0568.sw1
245,10/30/17,odo_0569.sw1
246,10/30/17,odo_0570.sw1
247,10/30/17,odo_0571.sw1
248,10/30/17,odo_0572.sw1
249,10/30/17,odo_0573.sw1
250,10/30/17,odo_0574.sw1
251,10/30/17,odo_0575.sw1
252,10/30/17,odo_0576.sw1
253,10/30/17,odo_0577.sw1
254,10/30/17,odo_0578.sw1
255,10/30/17,odo_0579.sw1
256,10/30/17,odo_0580.sw1
257,10/30/17,odo_0581.sw1
258,10/30/17,odo_0582.sw1
259,10/30/17,odo_0583.sw1
260,10/30/17,odo_0584.sw1
261,10/30/17,odo_0585.sw1
262,10/30/17,odo_0586.sw1
263,10/30/17,odo_0587.sw1
264,10/30/17,odo_0588.sw1
265,11/1/17,odo_0589.sw1
266,11/1/17,odo_0590.sw1
267,11/1/17,odo_0591.sw1
268,11/1/17,odo_0592.sw1
269,11/1/17,odo_0593.sw1
270,11/1/17,odo_0594.sw1
271,11/1/17,odo_0595.sw1
272,11/1/17,odo_0596.sw1
273,11/1/17,odo_0597.sw1
274,11/1/17,odo_0598.sw1
275,11/1/17,odo_0599.sw1
276,11/1/17,odo_0600.sw1
277,11/1/17,odo_0601.sw1
278,11/1/17,odo_0602.sw1
279,11/1/17,odo_0603.sw1
280,11/1/17,odo_0604.sw1
281,11/1/17,odo_0605.sw1
282,11/1/17,odo_0606.sw1
283,11/1/17,odo_0607.sw1
284,11/1/17,odo_0608.sw1
285,11/1/17,odo_0609.sw1
286,11/1/17,odo_0610.sw1
287,11/1/17,odo_0611.sw1
288,11/1/17,odo_0612.sw1
289,11/1/17,odo_0613.sw1
290,11/1/17,odo_0614.sw1
291,11/1/17,odo_0615.sw1
292,11/1/17,odo_0616.sw1
293,11/1/17,odo_0617.sw1
294,11/1/17,odo_0618.sw1
295,11/1/17,odo_0619.sw1
296,11/1/17,odo_0620.sw1
297,11/1/17,odo_0621.sw1
298,11/1/17,odo_0622.sw1
299,11/1/17,odo_0623.sw1
300,11/1/17,odo_0624.sw1
301,11/1/17,odo_0625.sw1
302,11/1/17,odo_0626.sw1
303,11/1/17,odo_0627.sw1
304,11/1/17,odo_0628.sw1
305,11/1/17,odo_0629.sw1
306,11/1/17,odo_0630.sw1
307,11/1/17,odo_0631.sw1
308,11/1/17,odo_0632.sw1
309,11/1/17,odo_0633.sw1
310,11/1/17,odo_0634.sw1
311,11/1/17,odo_0635.sw1
312,11/1/17,odo_0636.sw1
313,11/3/17,odo_0685.sw1
314,11/3/17,odo_0686.sw1
315,11/3/17,odo_0687.sw1
316,11/3/17,odo_0688.sw1
317,11/3/17,odo_0689.sw1
318,11/3/17,odo_0690.sw1
319,11/3/17,odo_0691.sw1
320,11/3/17,odo_0692.sw1
321,11/3/17,odo_0693.sw1
322,11/3/17,odo_0694.sw1
323,11/3/17,odo_0695.sw1
324,11/3/17,odo_0696.sw1
325,11/3/17,odo_0697.sw1
326,11/3/17,odo_0698.sw1
327,11/3/17,odo_0699.sw1
328,11/3/17,odo_0700.sw1
329,11/3/17,odo_0701.sw1
330,11/3/17,odo_0702.sw1
331,11/3/17,odo_0703.sw1
332,11/3/17,odo_0704.sw1
333,11/3/17,odo_0705.sw1
334,11/3/17,odo_0706.sw1
335,11/3/17,odo_0707.sw1
336,11/3/17,odo_0708.sw1
337,11/3/17,odo_0709.sw1
338,11/3/17,odo_0710.sw1
339,11/3/17,odo_0711.sw1
340,11/3/17,odo_0712.sw1
341,11/3/17,odo_0713.sw1
342,11/3/17,odo_0714.sw1
343,11/3/17,odo_0715.sw1
344,11/3/17,odo_0716.sw1
345,11/3/17,odo_0717.sw1
346,11/3/17,odo_0718.sw1
347,11/3/17,odo_0719.sw1
348,11/3/17,odo_0720.sw1
349,11/3/17,odo_0721.sw1
350,11/3/17,odo_0722.sw1
351,11/3/17,odo_0723.sw1
352,11/3/17,odo_0724.sw1
353,11/3/17,odo_0725.sw1
354,11/3/17,odo_0726.sw1
355,11/3/17,odo_0727.sw1
356,11/3/17,odo_0728.sw1
357,11/3/17,odo_0729.sw1
358,11/3/17,odo_0730.sw1
359,11/3/17,odo_0731.sw1
360,11/3/17,odo_0732.sw1
361,11/6/17,odo_0637.sw1
362,11/6/17,odo_0638.sw1
363,11/6/17,odo_0639.sw1
364,11/6/17,odo_0640.sw1
365,11/6/17,odo_0641.sw1
366,11/6/17,odo_0642.sw1
367,11/6/17,odo_0643.sw1
368,11/6/17,odo_0644.sw1
369,11/6/17,odo_0645.sw1
370,11/6/17,odo_0646.sw1
371,11/6/17,odo_0647.sw1
372,11/6/17,odo_0648.sw1
373,11/6/17,odo_0649.sw1
374,11/6/17,odo_0650.sw1
375,11/6/17,odo_0651.sw1
376,11/6/17,odo_0652.sw1
377,11/6/17,odo_0653.sw1
378,11/6/17,odo_0654.sw1
379,11/6/17,odo_0655.sw1
380,11/6/17,odo_0656.sw1
381,11/6/17,odo_0657.sw1
382,11/6/17,odo_0658.sw1
383,11/6/17,odo_0659.sw1
384,11/6/17,odo_0660.sw1
385,11/7/17,odo_0661.sw1
386,11/7/17,odo_0662.sw1
387,11/7/17,odo_0663.sw1
388,11/7/17,odo_0664.sw1
389,11/7/17,odo_0665.sw1
390,11/7/17,odo_0666.sw1
391,11/7/17,odo_0667.sw1
392,11/7/17,odo_0668.sw1
393,11/7/17,odo_0669.sw1
394,11/7/17,odo_0670.sw1
395,11/7/17,odo_0671.sw1
396,11/7/17,odo_0672.sw1
397,11/7/17,odo_0673.sw1
398,11/7/17,odo_0674.sw1
399,11/7/17,odo_0675.sw1
400,11/7/17,odo_0676.sw1
401,11/7/17,odo_0677.sw1
402,11/7/17,odo_0678.sw1
403,11/7/17,odo_0679.sw1
404,11/7/17,odo_0680.sw1
405,11/7/17,odo_0681.sw1
406,11/7/17,odo_0682.sw1
407,11/7/17,odo_0683.sw1
408,11/7/17,odo_0684.sw1
409,11/7/17,odo_0733.sw1
410,11/7/17,odo_0734.sw1
411,11/7/17,odo_0735.sw1
412,11/7/17,odo_0736.sw1
413,11/7/17,odo_0737.sw1
414,11/7/17,odo_0738.sw1
415,11/7/17,odo_0740.sw1
416,11/7/17,odo_0741.sw1
417,11/7/17,odo_0742.sw1
418,11/7/17,odo_0743.sw1
419,11/7/17,odo_0744.sw1
420,11/7/17,odo_0745.sw1
421,11/7/17,odo_0746.sw1
422,11/7/17,odo_0747.sw1
423,11/7/17,odo_0748.sw1
424,11/7/17,odo_0749.sw1
425,11/7/17,odo_0750.sw1
426,11/7/17,odo_0751.sw1
427,11/7/17,odo_0752.sw1
428,11/7/17,odo_0753.sw1
429,11/7/17,odo_0754.sw1
430,11/7/17,odo_0755.sw1
431,11/7/17,odo_0756.sw1
432,11/7/17,odo_0757.sw1
433,11/9/17,17-09_1.sw1
434,11/9/17,17-09_2.sw1
435,11/9/17,17-10_1.sw1
436,11/9/17,17-10_2.sw1
437,11/9/17,odo_0758.sw1
438,11/9/17,odo_0759.sw1
439,11/9/17,odo_0760.sw1
440,11/9/17,odo_0761.sw1
441,11/9/17,odo_0762.sw1
442,11/9/17,odo_0763.sw1
443,11/9/17,odo_0764.sw1
444,11/9/17,odo_0765.sw1
445,11/9/17,odo_0766.sw1
446,11/9/17,odo_0767.sw1
447,11/9/17,odo_0768.sw1
448,11/9/17,odo_0769.sw1
449,11/9/17,odo_0770.sw1
450,11/9/17,odo_0771.sw1
451,11/9/17,odo_0772.sw1
452,11/9/17,odo_0773.sw1
453,11/9/17,odo_0774.sw1
454,11/9/17,odo_0775.sw1
455,11/9/17,odo_0776.sw1
456,11/9/17,odo_0777.sw1
457,11/14/17,odo_0778.sw1
458,11/14/17,odo_0779.sw1
459,11/14/17,odo_0780.sw1
460,11/14/17,odo_0781.sw1
461,11/14/17,odo_0782.sw1
462,11/14/17,odo_0783.sw1
463,11/14/17,odo_0784.sw1
464,11/14/17,odo_0785.sw1
465,11/14/17,odo_0786.sw1
466,11/14/17,odo_0787.sw1
467,11/14/17,odo_0788.sw1
468,11/14/17,odo_0789.sw1
469,11/14/17,odo_0790.sw1
470,11/14/17,odo_0791.sw1
471,11/14/17,odo_0792.sw1
472,11/14/17,odo_0793.sw1
473,11/14/17,odo_0794.sw1
474,11/14/17,odo_0795.sw1
475,11/14/17,odo_0796.sw1
476,11/14/17,odo_0797.sw1
477,11/14/17,odo_0798.sw1
478,11/14/17,odo_0799.sw1
479,11/14/17,odo_0800.sw1
480,11/14/17,odo_0801.sw1
481,11/14/17,odo_0802.sw1
482,11/14/17,odo_0803.sw1
483,11/14/17,odo_0804.sw1
484,11/14/17,odo_0805.sw1
485,11/14/17,odo_0806.sw1
486,11/14/17,odo_0807.sw1
487,11/14/17,odo_0808.sw1
488,11/14/17,odo_0809.sw1
489,11/14/17,odo_0810.sw1
490,11/14/17,odo_0811.sw1
491,11/14/17,odo_0812.sw1
492,11/14/17,odo_0813.sw1
493,11/14/17,odo_0814.sw1
494,11/14/17,odo_0815.sw1
495,11/14/17,odo_0816.sw1
496,11/14/17,odo_0817.sw1
497,11/14/17,odo_0818.sw1
498,11/14/17,odo_0819.sw1
499,11/14/17,odo_0820.sw1
500,11/14/17,odo_0821.sw1
501,11/14/17,odo_0822.sw1
502,11/14/17,odo_0823.sw1
503,11/14/17,odo_0824.sw1
504,11/14/17,odo_0825.sw1
505,11/15/17,odo_0826.sw1
506,11/15/17,odo_0827.sw1
507,11/15/17,odo_0828.sw1
508,11/15/17,odo_0829.sw1
509,11/15/17,odo_0830.sw1
510,11/15/17,odo_0831.sw1
511,11/15/17,odo_0832.sw1
512,11/15/17,odo_0833.sw1
513,11/15/17,odo_0834.sw1
514,11/15/17,odo_0835.sw1
515,11/15/17,odo_0836.sw1
516,11/15/17,odo_0837.sw1
517,11/15/17,odo_0838.sw1
518,11/15/17,odo_0839.sw1
519,11/15/17,odo_0840.sw1
520,11/15/17,odo_0841.sw1
521,11/15/17,odo_0842.sw1
522,11/15/17,odo_0843.sw1
523,11/15/17,odo_0844.sw1
524,11/15/17,odo_0845.sw1
525,11/15/17,odo_0846.sw1
526,11/15/17,odo_0847.sw1
527,11/15/17,odo_0848.sw1
528,11/15/17,odo_0849.sw1
529,11/15/17,odo_0850.sw1
530,11/15/17,odo_0851.sw1
531,11/15/17,odo_0852.sw1
532,11/15/17,odo_0853.sw1
533,11/15/17,odo_0854.sw1
534,11/15/17,odo_0855.sw1
535,11/15/17,odo_0856.sw1
536,11/15/17,odo_0857.sw1
537,11/15/17,odo_0858.sw1
538,11/15/17,odo_0859.sw1
539,11/15/17,odo_0860.sw1
540,11/15/17,odo_0861.sw1
541,11/15/17,odo_0862.sw1
542,11/15/17,odo_0863.sw1
543,11/15/17,odo_0864.sw1
544,11/15/17,odo_0865.sw1
545,11/15/17,odo_0866.sw1
546,11/15/17,odo_0867.sw1
547,11/15/17,odo_0868.sw1
548,11/15/17,odo_0869.sw1
549,11/15/17,odo_0870.sw1
550,11/15/17,odo_0871.sw1
551,11/15/17,odo_0872.sw1
552,11/15/17,odo_0873.sw1
553,11/20/17,odo_0874.sw1
554,11/20/17,odo_0875.sw1
555,11/20/17,odo_0876.sw1
556,11/20/17,odo_0877.sw1
557,11/20/17,odo_0878.sw1
558,11/20/17,odo_0879.sw1
559,11/20/17,odo_0880.sw1
560,11/20/17,odo_0881.sw1
561,11/20/17,odo_0882.sw1
562,11/20/17,odo_0883.sw1
563,11/20/17,odo_0884.sw1
564,11/20/17,odo_0885.sw1
565,11/20/17,odo_0886.sw1
566,11/20/17,odo_0887.sw1
567,11/20/17,odo_0888.sw1
568,11/20/17,odo_0889.sw1
569,11/20/17,odo_0890.sw1
570,11/20/17,odo_0891.sw1
571,11/20/17,odo_0892.sw1
572,11/20/17,odo_0893.sw1
573,11/20/17,odo_0894.sw1
574,11/20/17,odo_0895.sw1
575,11/20/17,odo_0896.sw1
576,11/20/17,odo_0897.sw1
577,11/20/17,odo_0898.sw1
578,11/20/17,odo_0899.sw1
579,11/20/17,odo_0900.sw1
580,11/20/17,odo_0901.sw1
581,11/20/17,odo_0902.sw1
582,11/20/17,odo_0903.sw1
583,11/20/17,odo_0904.sw1
584,11/20/17,odo_0905.sw1
585,11/20/17,odo_0906.sw1
586,11/20/17,odo_0907.sw1
587,11/20/17,odo_0908.sw1
588,11/20/17,odo_0909.sw1
589,11/20/17,odo_0910.sw1
590,11/20/17,odo_0911.sw1
591,11/20/17,odo_0912.sw1
592,11/20/17,odo_0913.sw1
593,11/20/17,odo_0914.sw1
594,11/20/17,odo_0915.sw1
595,11/20/17,odo_0916.sw1
596,11/20/17,odo_0917.sw1
597,11/20/17,odo_0918.sw1
598,11/20/17,odo_0919.sw1
599,11/20/17,odo_0920.sw1
600,11/20/17,odo_0921.sw1
601,11/20/17,odo_0922.sw1
602,11/20/17,odo_0923.sw1
603,11/20/17,odo_0924.sw1
604,11/20/17,odo_0925.sw1
605,11/20/17,odo_0926.sw1
606,11/20/17,odo_0927.sw1
607,11/20/17,odo_0928.sw1
608,11/20/17,odo_0929.sw1
609,11/20/17,odo_0930.sw1
610,11/20/17,odo_0931.sw1
611,11/20/17,odo_0932.sw1
612,11/20/17,odo_0933.sw1
613,11/20/17,odo_0934.sw1
614,11/20/17,odo_0935.sw1
615,11/20/17,odo_0936.sw1
616,11/20/17,odo_0937.sw1
617,11/20/17,odo_0938.sw1
618,11/20/17,odo_0939.sw1
619,11/20/17,odo_0940.sw1
620,11/20/17,odo_0941.sw1
621,11/20/17,odo_0942.sw1
622,11/20/17,odo_0943.sw1
623,11/20/17,odo_0944.sw1
624,11/20/17,odo_0945.sw1
625,11/27/17,odo_0946.sw1
626,11/27/17,odo_0947.sw1
627,11/27/17,odo_0948.sw1
628,11/27/17,odo_0949.sw1
629,11/27/17,odo_0950.sw1
630,11/27/17,odo_0951.sw1
631,11/27/17,odo_0952.sw1
632,11/27/17,odo_0953.sw1
633,11/27/17,odo_0954.sw1
634,11/27/17,odo_0955.sw1
635,11/27/17,odo_0956.sw1
636,11/27/17,odo_0957.sw1
637,11/27/17,odo_0958.sw1
638,11/27/17,odo_0959.sw1
639,11/27/17,odo_0960.sw1
640,11/27/17,odo_0961.sw1
641,11/27/17,odo_0962.sw1
642,11/27/17,odo_0963.sw1
643,11/27/17,odo_0964.sw1
644,11/27/17,odo_0965.sw1
645,11/27/17,odo_0966.sw1
646,11/27/17,odo_0967.sw1
647,11/27/17,odo_0968.sw1
648,11/27/17,odo_0969.sw1
649,11/27/17,odo_0970.sw1
650,11/27/17,odo_0971.sw1
651,11/27/17,odo_0972.sw1
652,11/27/17,odo_0973.sw1
653,11/27/17,odo_0974.sw1
654,11/27/17,odo_0975.sw1
655,11/27/17,odo_0976.sw1
656,11/27/17,odo_0977.sw1
657,11/27/17,odo_0978.sw1
658,11/27/17,odo_0979.sw1
659,11/27/17,odo_0980.sw1
660,11/27/17,odo_0981.sw1
661,11/27/17,odo_0982.sw1
662,11/27/17,odo_0983.sw1
663,11/27/17,odo_0984.sw1
664,11/27/17,odo_0985.sw1
665,11/27/17,odo_0986.sw1
666,11/27/17,odo_0987.sw1
667,11/27/17,odo_0988.sw1
668,11/27/17,odo_0989.sw1
669,11/27/17,odo_0990.sw1
670,11/27/17,odo_0991.sw1
671,11/27/17,odo_0992.sw1
672,11/27/17,odo_0993.sw1
673,11/27/17,odo_0994.sw1
674,11/27/17,odo_0995.sw1
675,11/27/17,odo_0996.sw1
676,11/27/17,odo_0997.sw1
677,11/27/17,odo_0998.sw1
678,11/27/17,odo_0999.sw1
679,11/27/17,odo_1000.sw1
680,11/27/17,odo_1001.sw1
681,11/27/17,odo_1002.sw1
682,11/27/17,odo_1003.sw1
683,11/27/17,odo_1004.sw1
684,11/27/17,odo_1005.sw1
685,11/27/17,odo_1006.sw1
686,11/27/17,odo_1007.sw1
687,11/27/17,odo_1008.sw1
688,11/27/17,odo_1009.sw1
689,11/27/17,odo_1010.sw1
690,11/27/17,odo_1011.sw1
691,11/27/17,odo_1012.sw1
692,11/27/17,odo_1013.sw1
693,11/27/17,odo_1014.sw1
694,11/27/17,odo_1015.sw1
695,11/27/17,odo_1016.sw1
696,11/27/17,odo_1017.sw1
697,11/27/17,odo_1018.sw1
698,11/27/17,odo_1019.sw1
699,11/27/17,odo_1020.sw1
700,11/27/17,odo_1021.sw1
701,11/27/17,odo_1022.sw1
702,11/27/17,odo_1023.sw1
703,11/27/17,odo_1024.sw1
704,11/27/17,odo_1025.sw1
705,11/27/17,odo_1026.sw1
706,11/27/17,odo_1027.sw1
707,11/27/17,odo_1028.sw1
708,11/27/17,odo_1029.sw1
709,11/27/17,odo_1030.sw1
710,11/27/17,odo_1031.sw1
711,11/27/17,odo_1032.sw1
712,11/27/17,odo_1033.sw1
713,11/27/17,odo_1034.sw1
714,11/27/17,odo_1035.sw1
715,11/27/17,odo_1036.sw1
716,11/27/17,odo_1037.sw1
717,11/27/17,odo_1038.sw1
718,11/27/17,odo_1039.sw1
719,11/27/17,odo_1040.sw1
720,11/27/17,odo_1041.sw1
721,12/1/17,odo_1042.sw1
722,12/1/17,odo_1043.sw1
723,12/1/17,odo_1044.sw1
724,12/1/17,odo_1045.sw1
725,12/1/17,odo_1046.sw1
726,12/1/17,odo_1047.sw1
727,12/1/17,odo_1048.sw1
728,12/1/17,odo_1049.sw1
729,12/1/17,odo_1050.sw1
730,12/1/17,odo_1051.sw1
731,12/1/17,odo_1052.sw1
732,12/1/17,odo_1053.sw1
733,12/1/17,odo_1054.sw1
734,12/1/17,odo_1055.sw1
735,12/1/17,odo_1056.sw1
736,12/1/17,odo_1057.sw1
737,12/1/17,odo_1058.sw1
738,12/1/17,odo_1059.sw1
739,12/1/17,odo_1060.sw1
740,12/1/17,odo_1061.sw1
741,12/1/17,odo_1062.sw1
742,12/1/17,odo_1063.sw1
743,12/1/17,odo_1064.sw1
744,12/1/17,odo_1065.sw1
745,12/1/17,odo_1066.sw1
746,12/1/17,odo_1067.sw1
747,12/1/17,odo_1068.sw1
748,12/1/17,odo_1069.sw1
749,12/1/17,odo_1070.sw1
750,12/1/17,odo_1071.sw1
751,12/1/17,odo_1072.sw1
752,12/1/17,odo_1073.sw1
753,12/1/17,odo_1074.sw1
754,12/1/17,odo_1075.sw1
755,12/1/17,odo_1076.sw1
756,12/1/17,odo_1077.sw1
757,12/1/17,odo_1078.sw1
758,12/1/17,odo_1079.sw1
759,12/1/17,odo_1080.sw1
760,12/1/17,odo_1081.sw1
761,12/1/17,odo_1082.sw1
762,12/1/17,odo_1083.sw1
763,12/1/17,odo_1084.sw1
764,12/1/17,odo_1085.sw1
765,12/1/17,odo_1086.sw1
766,12/1/17,odo_1087.sw1
767,12/1/17,odo_1088.sw1
768,12/1/17,odo_1089.sw1
769,12/1/17,odo_1090.sw1
770,12/1/17,odo_1091.sw1
771,12/1/17,odo_1092.sw1
772,12/1/17,odo_1093.sw1
773,12/1/17,odo_1094.sw1
774,12/1/17,odo_1095.sw1
775,12/1/17,odo_1096.sw1
776,12/1/17,odo_1097.sw1
777,12/1/17,odo_1098.sw1
778,12/1/17,odo_1099.sw1
779,12/1/17,odo_1100.sw1
780,12/1/17,odo_1101.sw1
781,12/1/17,odo_1102.sw1
782,12/1/17,odo_1103.sw1
783,12/1/17,odo_1104.sw1
784,12/1/17,odo_1105.sw1
785,12/1/17,odo_1106.sw1
786,12/1/17,odo_1107.sw1
787,12/1/17,odo_1108.sw1
788,12/1/17,odo_1109.sw1
789,12/1/17,odo_1110.sw1
790,12/1/17,odo_1111.sw1
791,12/1/17,odo_1112.sw1
792,12/1/17,odo_1113.sw1
793,12/1/17,odo_1114.sw1
794,12/1/17,odo_1115.sw1
795,12/1/17,odo_1116.sw1
796,12/1/17,odo_1117.sw1
797,12/1/17,odo_1118.sw1
798,12/1/17,odo_1119.sw1
799,12/1/17,odo_1120.sw1
800,12/1/17,odo_1121.sw1
801,12/1/17,odo_1122.sw1
802,12/1/17,odo_1123.sw1
803,12/1/17,odo_1124.sw1
804,12/1/17,odo_1125.sw1
805,12/1/17,odo_1126.sw1
806,12/1/17,odo_1127.sw1
807,12/1/17,odo_1128.sw1
808,12/1/17,odo_1129.sw1
809,12/1/17,odo_1130.sw1
810,12/1/17,odo_1131.sw1
811,12/1/17,odo_1132.sw1
812,12/1/17,odo_1133.sw1
813,12/1/17,odo_1134.sw1
814,12/1/17,odo_1135.sw1
815,12/1/17,odo_1136.sw1
816,12/1/17,odo_1137.sw1
817,12/4/17,odo_1138.sw1
818,12/4/17,odo_1139.sw1
819,12/4/17,odo_1140.sw1
820,12/4/17,odo_1141.sw1
821,12/4/17,odo_1142.sw1
822,12/4/17,odo_1143.sw1
823,12/4/17,odo_1144.sw1
824,12/4/17,odo_1145.sw1
825,12/4/17,odo_1146.sw1
826,12/4/17,odo_1147.sw1
827,12/4/17,odo_1148.sw1
828,12/4/17,odo_1149.sw1
829,12/4/17,odo_1150.sw1
830,12/4/17,odo_1151.sw1
831,12/4/17,odo_1152.sw1
832,12/4/17,odo_1153.sw1
833,12/4/17,odo_1154.sw1
834,12/4/17,odo_1155.sw1
835,12/4/17,odo_1156.sw1
836,12/4/17,odo_1157.sw1
837,12/4/17,odo_1158.sw1
838,12/4/17,odo_1159.sw1
839,12/4/17,odo_1160.sw1
840,12/4/17,odo_1161.sw1
841,12/4/17,odo_1162.sw1
842,12/4/17,odo_1163.sw1
843,12/4/17,odo_1164.sw1
844,12/4/17,odo_1165.sw1
845,12/4/17,odo_1166.sw1
846,12/4/17,odo_1167.sw1
847,12/4/17,odo_1168.sw1
848,12/4/17,odo_1169.sw1
849,12/4/17,odo_1170.sw1
850,12/4/17,odo_1171.sw1
851,12/4/17,odo_1172.sw1
852,12/4/17,odo_1173.sw1
853,12/4/17,odo_1174.sw1
854,12/4/17,odo_1175.sw1
855,12/4/17,odo_1176.sw1
856,12/4/17,odo_1177.sw1
857,12/4/17,odo_1178.sw1
858,12/4/17,odo_1179.sw1
859,12/4/17,odo_1180.sw1
860,12/4/17,odo_1181.sw1
861,12/4/17,odo_1182.sw1
862,12/4/17,odo_1183.sw1
863,12/4/17,odo_1184.sw1
864,12/4/17,odo_1185.sw1
865,12/4/17,odo_1186.sw1
866,12/4/17,odo_1187.sw1
867,12/4/17,odo_1188.sw1
868,12/4/17,odo_1189.sw1
869,12/4/17,odo_1190.sw1
870,12/4/17,odo_1191.sw1
871,12/4/17,odo_1192.sw1
872,12/4/17,odo_1193.sw1
873,12/4/17,odo_1194.sw1
874,12/4/17,odo_1195.sw1
875,12/4/17,odo_1196.sw1
876,12/4/17,odo_1197.sw1
877,12/4/17,odo_1198.sw1
878,12/4/17,odo_1199.sw1
879,12/4/17,odo_1200.sw1
880,12/4/17,odo_1201.sw1
881,12/4/17,odo_1202.sw1
882,12/4/17,odo_1203.sw1
883,12/4/17,odo_1204.sw1
884,12/4/17,odo_1205.sw1
885,12/4/17,odo_1206.sw1
886,12/4/17,odo_1207.sw1
887,12/4/17,odo_1208.sw1
888,12/4/17,odo_1209.sw1
889,12/7/17,odo_1210.sw1
890,12/7/17,odo_1211.sw1
891,12/7/17,odo_1212.sw1
892,12/7/17,odo_1213.sw1
893,12/7/17,odo_1214.sw1
894,12/7/17,odo_1215.sw1
895,12/7/17,odo_1216.sw1
896,12/7/17,odo_1217.sw1
897,12/7/17,odo_1218.sw1
898,12/7/17,odo_1219.sw1
899,12/7/17,odo_1220.sw1
900,12/7/17,odo_1221.sw1
901,12/7/17,odo_1222.sw1
902,12/7/17,odo_1223.sw1
903,12/7/17,odo_1224.sw1
904,12/7/17,odo_1225.sw1
905,12/7/17,odo_1226.sw1
906,12/7/17,odo_1227.sw1
907,12/7/17,odo_1228.sw1
908,12/7/17,odo_1229.sw1
909,12/7/17,odo_1230.sw1
910,12/7/17,odo_1231.sw1
911,12/7/17,odo_1232.sw1
912,12/7/17,odo_1233.sw1
913,12/7/17,odo_1234.sw1
914,12/7/17,odo_1235.sw1
915,12/7/17,odo_1236.sw1
916,12/7/17,odo_1237.sw1
917,12/7/17,odo_1238.sw1
918,12/7/17,odo_1239.sw1
919,12/7/17,odo_1240.sw1
920,12/7/17,odo_1241.sw1
921,12/7/17,odo_1242.sw1
922,12/7/17,odo_1243.sw1
923,12/7/17,odo_1244.sw1
924,12/7/17,odo_1245.sw1
925,12/7/17,odo_1246.sw1
926,12/7/17,odo_1247.sw1
927,12/7/17,odo_1248.sw1
928,12/7/17,odo_1249.sw1
929,12/7/17,odo_1250.sw1
930,12/7/17,odo_1251.sw1
931,12/7/17,odo_1252.sw1
932,12/7/17,odo_1253.sw1
933,12/7/17,odo_1254.sw1
934,12/7/17,odo_1255.sw1
935,12/7/17,odo_1256.sw1
936,12/7/17,odo_1257.sw1
937,12/8/17,odo_1258.sw1
938,12/8/17,odo_1259.sw1
939,12/8/17,odo_1260.sw1
940,12/8/17,odo_1261.sw1
941,12/8/17,odo_1262.sw1
942,12/8/17,odo_1263.sw1
943,12/8/17,odo_1264.sw1
944,12/8/17,odo_1265.sw1
945,12/8/17,odo_1266.sw1
946,12/8/17,odo_1267.sw1
947,12/8/17,odo_1268.sw1
948,12/8/17,odo_1269.sw1
949,12/8/17,odo_1270.sw1
950,12/8/17,odo_1271.sw1
951,12/8/17,odo_1272.sw1
952,12/8/17,odo_1273.sw1
953,12/8/17,odo_1274.sw1
954,12/8/17,odo_1275.sw1
955,12/8/17,odo_1276.sw1
956,12/8/17,odo_1277.sw1
957,12/8/17,odo_1278.sw1
958,12/8/17,odo_1279.sw1
959,12/8/17,odo_1280.sw1
960,12/8/17,odo_1281.sw1
961,12/8/17,odo_1282.sw1
962,12/8/17,odo_1283.sw1
963,12/8/17,odo_1284.sw1
964,12/8/17,odo_1285.sw1
965,12/8/17,odo_1286.sw1
966,12/8/17,odo_1287.sw1
967,12/8/17,odo_1288.sw1
968,12/8/17,odo_1289.sw1
969,12/8/17,odo_1290.sw1
970,12/8/17,odo_1291.sw1
971,12/8/17,odo_1292.sw1
972,12/8/17,odo_1293.sw1
973,12/8/17,odo_1294.sw1
974,12/8/17,odo_1295.sw1
975,12/8/17,odo_1296.sw1
976,12/8/17,odo_1297.sw1
977,12/8/17,odo_1298.sw1
978,12/8/17,odo_1299.sw1
979,12/8/17,odo_1300.sw1
980,12/8/17,odo_1301.sw1
981,12/8/17,odo_1302.sw1
982,12/8/17,odo_1303.sw1
983,12/8/17,odo_1304.sw1
984,12/8/17,odo_1305.sw1
985,12/8/17,odo_1306.sw1
986,12/8/17,odo_1307.sw1
987,12/8/17,odo_1308.sw1
988,12/8/17,odo_1309.sw1
989,12/8/17,odo_1310.sw1
990,12/8/17,odo_1311.sw1
991,12/8/17,odo_1312.sw1
992,12/8/17,odo_1313.sw1
993,12/8/17,odo_1314.sw1
994,12/8/17,odo_1315.sw1
995,12/8/17,odo_1316.sw1
996,12/8/17,odo_1317.sw1
997,12/8/17,odo_1318.sw1
998,12/8/17,odo_1319.sw1
999,12/8/17,odo_1320.sw1
1000,12/8/17,odo_1321.sw1
1001,12/8/17,odo_1322.sw1
1002,12/8/17,odo_1323.sw1
1003,12/8/17,odo_1324.sw1
1004,12/8/17,odo_1325.sw1
1005,12/8/17,odo_1326.sw1
1006,12/8/17,odo_1327.sw1
1007,12/8/17,odo_1328.sw1
1008,12/8/17,odo_1329.sw1
1009,12/8/17,odo_1330.sw1
1010,12/8/17,odo_1331.sw1
1011,12/8/17,odo_1332.sw1
1012,12/8/17,odo_1333.sw1
1013,12/8/17,odo_1334.sw1
1014,12/8/17,odo_1335.sw1
1015,12/8/17,odo_1336.sw1
1016,12/8/17,odo_1337.sw1
1017,12/8/17,odo_1338.sw1
1018,12/8/17,odo_1339.sw1
1019,12/8/17,odo_1340.sw1
1020,12/8/17,odo_1341.sw1
1021,12/8/17,odo_1342.sw1
1022,12/8/17,odo_1343.sw1
1023,12/8/17,odo_1344.sw1
1024,12/8/17,odo_1345.sw1
1025,12/8/17,odo_1346.sw1
1026,12/8/17,odo_1347.sw1
1027,12/8/17,odo_1348.sw1
1028,12/8/17,odo_1349.sw1
1029,12/8/17,odo_1350.sw1
1030,12/8/17,odo_1351.sw1
1031,12/8/17,odo_1352.sw1
1032,12/8/17,odo_1353.sw1
1033,12/19/17,odo_1354.sw1
1034,12/19/17,odo_1355.sw1
1035,12/19/17,odo_1356.sw1
1036,12/19/17,odo_1357.sw1
1037,12/19/17,odo_1358.sw1
1038,12/19/17,odo_1359.sw1
1039,12/19/17,odo_1360.sw1
1040,12/19/17,odo_1361.sw1
1041,12/19/17,odo_1362.sw1
1042,12/19/17,odo_1363.sw1
1043,12/19/17,odo_1364.sw1
1044,12/19/17,odo_1365.sw1
1045,12/19/17,odo_1366.sw1
1046,12/19/17,odo_1367.sw1
1047,12/19/17,odo_1368.sw1
1048,12/19/17,odo_1369.sw1
1049,12/19/17,odo_1370.sw1
1050,12/19/17,odo_1371.sw1
1051,12/19/17,odo_1372.sw1
1052,12/19/17,odo_1373.sw1
1053,12/19/17,odo_1374.sw1
1054,12/19/17,odo_1375.sw1
1055,12/19/17,odo_1376.sw1
1056,12/19/17,odo_1377.sw1
1057,12/19/17,odo_1378.sw1
1058,12/19/17,odo_1379.sw1
1059,12/19/17,odo_1380.sw1
1060,12/19/17,odo_1381.sw1
1061,12/19/17,odo_1382.sw1
1062,12/19/17,odo_1383.sw1
1063,12/19/17,odo_1384.sw1
1064,12/19/17,odo_1385.sw1
1065,12/19/17,odo_1386.sw1
1066,12/19/17,odo_1387.sw1
1067,12/19/17,odo_1388.sw1
1068,12/19/17,odo_1389.sw1
1069,12/19/17,odo_1390.sw1
1070,12/19/17,odo_1391.sw1
1071,12/19/17,odo_1392.sw1
1072,12/19/17,odo_1393.sw1
1073,12/19/17,odo_1394.sw1
1074,12/19/17,odo_1395.sw1
1075,12/19/17,odo_1396.sw1
1076,12/19/17,odo_1397.sw1
1077,12/19/17,odo_1398.sw1
1078,12/19/17,odo_1399.sw1
1079,12/19/17,odo_1400.sw1
1080,12/19/17,odo_1401.sw1
1081,12/19/17,odo_1402.sw1
1082,12/19/17,odo_1403.sw1
1083,12/19/17,odo_1404.sw1
1084,12/19/17,odo_1405.sw1
1085,12/19/17,odo_1406.sw1
1086,12/19/17,odo_1407.sw1
1087,12/19/17,odo_1408.sw1
1088,12/19/17,odo_1409.sw1
1089,12/19/17,odo_1410.sw1
1090,12/19/17,odo_1411.sw1
1091,12/19/17,odo_1412.sw1
1092,12/19/17,odo_1413.sw1
1093,12/19/17,odo_1414.sw1
1094,12/19/17,odo_1415.sw1
1095,12/19/17,odo_1416.sw1
1096,12/19/17,odo_1417.sw1
1097,12/19/17,odo_1418.sw1
1098,12/19/17,odo_1419.sw1
1099,12/19/17,odo_1420.sw1
1100,12/19/17,odo_1421.sw1
1101,12/19/17,odo_1422.sw1
1102,12/19/17,odo_1423.sw1
1103,12/19/17,odo_1424.sw1
1104,12/19/17,odo_1425.sw1
1105,12/19/17,odo_1426.sw1
1106,12/19/17,odo_1427.sw1
1107,12/19/17,odo_1428.sw1
1108,12/19/17,odo_1429.sw1
1109,12/19/17,odo_1430.sw1
1110,12/19/17,odo_1431.sw1
1111,12/19/17,odo_1432.sw1
1112,12/19/17,odo_1433.sw1
1113,12/19/17,odo_1434.sw1
1114,12/19/17,odo_1435.sw1
1115,12/19/17,odo_1436.sw1
1116,12/19/17,odo_1437.sw1
1117,12/19/17,odo_1438.sw1
1118,12/19/17,odo_1439.sw1
1119,12/19/17,odo_1440.sw1
1120,12/19/17,odo_1441.sw1
1121,12/19/17,odo_1442.sw1
1122,12/19/17,odo_1443.sw1
1123,12/19/17,odo_1444.sw1
1124,12/19/17,odo_1445.sw1
1125,12/19/17,odo_1446.sw1
1126,12/19/17,odo_1447.sw1
1127,12/19/17,odo_1448.sw1
1128,12/19/17,odo_1449.sw1
1129,12/21/17,odo_1450.sw1
1130,12/21/17,odo_1451.sw1
1131,12/21/17,odo_1452.sw1
1132,12/21/17,odo_1453.sw1
1133,12/21/17,odo_1454.sw1
1134,12/21/17,odo_1455.sw1
1135,12/21/17,odo_1456.sw1
1136,12/21/17,odo_1457.sw1
1137,12/21/17,odo_1458.sw1
1138,12/21/17,odo_1459.sw1
1139,12/21/17,odo_1460.sw1
1140,12/21/17,odo_1461.sw1
1141,12/21/17,odo_1462.sw1
1142,12/21/17,odo_1463.sw1
1143,12/21/17,odo_1464.sw1
1144,12/21/17,odo_1465.sw1
1145,12/21/17,odo_1466.sw1
1146,12/21/17,odo_1467.sw1
1147,12/21/17,odo_1468.sw1
1148,12/21/17,odo_1469.sw1
1149,12/21/17,odo_1470.sw1
1150,12/21/17,odo_1471.sw1
1151,12/21/17,odo_1472.sw1
1152,12/21/17,odo_1473.sw1
1153,12/21/17,odo_1474.sw1
1154,12/21/17,odo_1475.sw1
1155,12/21/17,odo_1476.sw1
1156,12/21/17,odo_1477.sw1
1157,12/21/17,odo_1478.sw1
1158,12/21/17,odo_1479.sw1
1159,12/21/17,odo_1480.sw1
1160,12/21/17,odo_1481.sw1
1161,12/21/17,odo_1482.sw1
1162,12/21/17,odo_1483.sw1
1163,12/21/17,odo_1484.sw1
1164,12/21/17,odo_1485.sw1
1165,12/21/17,odo_1486.sw1
1166,12/21/17,odo_1487.sw1
1167,12/21/17,odo_1488.sw1
1168,12/21/17,odo_1489.sw1
1169,12/21/17,odo_1490.sw1
1170,12/21/17,odo_1491.sw1
1171,12/21/17,odo_1492.sw1
1172,12/21/17,odo_1493.sw1
1173,12/21/17,odo_1494.sw1
1174,12/21/17,odo_1495.sw1
1175,12/21/17,odo_1496.sw1
1176,12/21/17,odo_1497.sw1
1177,1/4/18,odo_1498.sw1
1178,1/4/18,odo_1499.sw1
1179,1/4/18,odo_1500.sw1
1180,1/4/18,odo_1501.sw1
1181,1/4/18,odo_1502.sw1
1182,1/4/18,odo_1503.sw1
1183,1/4/18,odo_1504.sw1
1184,1/4/18,odo_1505.sw1
1185,1/4/18,odo_1506.sw1
1186,1/4/18,odo_1507.sw1
1187,1/4/18,odo_1508.sw1
1188,1/4/18,odo_1509.sw1
1189,1/4/18,odo_1510.sw1
1190,1/4/18,odo_1511.sw1
1191,1/4/18,odo_1512.sw1
1192,1/4/18,odo_1513.sw1
1193,1/4/18,odo_1514.sw1
1194,1/4/18,odo_1515.sw1
1195,1/4/18,odo_1516.sw1
1196,1/4/18,odo_1517.sw1
1197,1/4/18,odo_1518.sw1
1198,1/4/18,odo_1519.sw1
1199,1/4/18,odo_1520.sw1
1200,1/4/18,odo_1521.sw1
1201,1/4/18,odo_1522.sw1
1202,1/4/18,odo_1523.sw1
1203,1/4/18,odo_1524.sw1
1204,1/4/18,odo_1525.sw1
1205,1/4/18,odo_1526.sw1
1206,1/4/18,odo_1527.sw1
1207,1/4/18,odo_1528.sw1
1208,1/4/18,odo_1529.sw1
1209,1/4/18,odo_1530.sw1
1210,1/4/18,odo_1531.sw1
1211,1/4/18,odo_1532.sw1
1212,1/4/18,odo_1533.sw1
1213,1/4/18,odo_1534.sw1
1214,1/4/18,odo_1535.sw1
1215,1/4/18,odo_1536.sw1
1216,1/4/18,odo_1537.sw1
1217,1/4/18,odo_1538.sw1
1218,1/4/18,odo_1539.sw1
1219,1/4/18,odo_1540.sw1
1220,1/4/18,odo_1541.sw1
1221,1/4/18,odo_1542.sw1
1222,1/4/18,odo_1543.sw1
1223,1/4/18,odo_1544.sw1
1224,1/4/18,odo_1545.sw1
1225,1/4/18,odo_1546.sw1
1226,1/4/18,odo_1547.sw1
1227,1/4/18,odo_1548.sw1
1228,1/4/18,odo_1549.sw1
1229,1/4/18,odo_1550.sw1
1230,1/4/18,odo_1551.sw1
1231,1/4/18,odo_1552.sw1
1232,1/4/18,odo_1553.sw1
1233,1/4/18,odo_1554.sw1
1234,1/4/18,odo_1555.sw1
1235,1/4/18,odo_1556.sw1
1236,1/4/18,odo_1557.sw1
1237,1/4/18,odo_1558.sw1
1238,1/4/18,odo_1559.sw1
1239,1/4/18,odo_1560.sw1
1240,1/4/18,odo_1561.sw1
1241,1/4/18,odo_1562.sw1
1242,1/4/18,odo_1563.sw1
1243,1/4/18,odo_1564.sw1
1244,1/4/18,odo_1565.sw1
1245,1/4/18,odo_1566.sw1
1246,1/4/18,odo_1567.sw1
1247,1/4/18,odo_1568.sw1
1248,1/4/18,odo_1569.sw1
1249,1/4/18,odo_1570.sw1
1250,1/4/18,odo_1571.sw1
1251,1/4/18,odo_1572.sw1
1252,1/4/18,odo_1573.sw1
1253,1/4/18,odo_1574.sw1
1254,1/4/18,odo_1575.sw1
1255,1/4/18,odo_1576.sw1
1256,1/4/18,odo_1577.sw1
1257,1/4/18,odo_1578.sw1
1258,1/4/18,odo_1579.sw1
1259,1/4/18,odo_1580.sw1
1260,1/4/18,odo_1581.sw1
1261,1/4/18,odo_1582.sw1
1262,1/4/18,odo_1583.sw1
1263,1/4/18,odo_1584.sw1
1264,1/4/18,odo_1585.sw1
1265,1/4/18,odo_1586.sw1
1266,1/4/18,odo_1587.sw1
1267,1/4/18,odo_1588.sw1
1268,1/4/18,odo_1589.sw1
1269,1/4/18,odo_1590.sw1
1270,1/4/18,odo_1591.sw1
1271,1/4/18,odo_1592.sw1
1272,1/4/18,odo_1593.sw1
1273,1/4/18,odo_1594.sw1
1274,1/4/18,odo_1595.sw1
1275,1/4/18,odo_1596.sw1
1276,1/4/18,odo_1597.sw1
1277,1/4/18,odo_1598.sw1
1278,1/4/18,odo_1599.sw1
1279,1/4/18,odo_1600.sw1
1280,1/4/18,odo_1601.sw1
1281,1/4/18,odo_1602.sw1
1282,1/4/18,odo_1603.sw1
1283,1/4/18,odo_1604.sw1
1284,1/4/18,odo_1605.sw1
1285,1/4/18,odo_1606.sw1
1286,1/4/18,odo_1607.sw1
1287,1/4/18,odo_1608.sw1
1288,1/4/18,odo_1609.sw1
1289,1/4/18,odo_1610.sw1
1290,1/4/18,odo_1611.sw1
1291,1/4/18,odo_1612.sw1
1292,1/4/18,odo_1613.sw1
1293,1/4/18,odo_1614.sw1
1294,1/4/18,odo_1615.sw1
1295,1/4/18,odo_1616.sw1
1296,1/4/18,odo_1617.sw1
1297,1/4/18,odo_1618.sw1
1298,1/4/18,odo_1619.sw1
1299,1/4/18,odo_1620.sw1
1300,1/4/18,odo_1621.sw1
1301,1/4/18,odo_1622.sw1
1302,1/4/18,odo_1623.sw1
1303,1/4/18,odo_1624.sw1
1304,1/4/18,odo_1625.sw1
1305,1/4/18,odo_1626.sw1
1306,1/4/18,odo_1627.sw1
1307,1/4/18,odo_1628.sw1
1308,1/4/18,odo_1629.sw1
1309,1/4/18,odo_1630.sw1
1310,1/4/18,odo_1631.sw1
1311,1/4/18,odo_1632.sw1
1312,1/4/18,odo_1633.sw1
1313,1/4/18,odo_1634.sw1
1314,1/4/18,odo_1635.sw1
1315,1/4/18,odo_1636.sw1
1316,1/4/18,odo_1637.sw1
1317,1/4/18,odo_1638.sw1
1318,1/4/18,odo_1639.sw1
1319,1/4/18,odo_1640.sw1
1320,1/4/18,odo_1641.sw1
1321,1/4/18,odo_1642.sw1
1322,1/4/18,odo_1643.sw1
1323,1/4/18,odo_1644.sw1
1324,1/4/18,odo_1645.sw1
1325,1/4/18,odo_1646.sw1
1326,1/4/18,odo_1647.sw1
1327,1/4/18,odo_1648.sw1
1328,1/4/18,odo_1649.sw1
1329,1/4/18,odo_1650.sw1
1330,1/4/18,odo_1651.sw1
1331,1/4/18,odo_1652.sw1
1332,1/4/18,odo_1653.sw1
1333,1/4/18,odo_1654.sw1
1334,1/4/18,odo_1655.sw1
1335,1/4/18,odo_1656.sw1
1336,1/4/18,odo_1657.sw1
1337,1/4/18,odo_1658.sw1
1338,1/4/18,odo_1659.sw1
1339,1/4/18,odo_1660.sw1
1340,1/4/18,odo_1661.sw1
1341,1/4/18,odo_1662.sw1
1342,1/4/18,odo_1663.sw1
1343,1/4/18,odo_1664.sw1
1344,1/4/18,odo_1665.sw1
1345,1/4/18,odo_1666.sw1
1346,1/4/18,odo_1667.sw1
1347,1/4/18,odo_1668.sw1
1348,1/4/18,odo_1669.sw1
1349,1/4/18,odo_1670.sw1
1350,1/4/18,odo_1671.sw1
1351,1/4/18,odo_1672.sw1
1352,1/4/18,odo_1673.sw1
1353,1/4/18,odo_1674.sw1
1354,1/4/18,odo_1675.sw1
1355,1/4/18,odo_1676.sw1
1356,1/4/18,odo_1677.sw1
1357,1/4/18,odo_1678.sw1
1358,1/4/18,odo_1679.sw1
1359,1/4/18,odo_1680.sw1
1360,1/4/18,odo_1681.sw1
1361,1/4/18,odo_1682.sw1
1362,1/4/18,odo_1683.sw1
1363,1/4/18,odo_1684.sw1
1364,1/4/18,odo_1685.sw1
1365,1/4/18,odo_1686.sw1
1366,1/4/18,odo_1687.sw1
1367,1/4/18,odo_1688.sw1
1368,1/4/18,odo_1689.sw1
1369,1/11/18,odo_1690.sw1
1370,1/11/18,odo_1691.sw1
1371,1/11/18,odo_1692.sw1
1372,1/11/18,odo_1693.sw1
1373,1/11/18,odo_1694.sw1
1374,1/11/18,odo_1695.sw1
1375,1/11/18,odo_1696.sw1
1376,1/11/18,odo_1697.sw1
1377,1/11/18,odo_1698.sw1
1378,1/11/18,odo_1699.sw1
1379,1/11/18,odo_1700.sw1
1380,1/11/18,odo_1701.sw1
1381,1/11/18,odo_1702.sw1
1382,1/11/18,odo_1703.sw1
1383,1/11/18,odo_1704.sw1
1384,1/11/18,odo_1705.sw1
1385,1/11/18,odo_1706.sw1
1386,1/11/18,odo_1707.sw1
1387,1/11/18,odo_1708.sw1
1388,1/11/18,odo_1709.sw1
1389,1/11/18,odo_1710.sw1
1390,1/11/18,odo_1711.sw1
1391,1/11/18,odo_1712.sw1
1392,1/11/18,odo_1713.sw1
1393,1/11/18,odo_1714.sw1
1394,1/11/18,odo_1715.sw1
1395,1/11/18,odo_1716.sw1
1396,1/11/18,odo_1717.sw1
1397,1/11/18,odo_1718.sw1
1398,1/11/18,odo_1719.sw1
1399,1/11/18,odo_1720.sw1
1400,1/11/18,odo_1721.sw1
1401,1/11/18,odo_1722.sw1
1402,1/11/18,odo_1723.sw1
1403,1/11/18,odo_1724.sw1
1404,1/11/18,odo_1725.sw1
1405,1/11/18,odo_1726.sw1
1406,1/11/18,odo_1727.sw1
1407,1/11/18,odo_1728.sw1
1408,1/11/18,odo_1729.sw1
1409,1/11/18,odo_1730.sw1
1410,1/11/18,odo_1731.sw1
1411,1/11/18,odo_1732.sw1
1412,1/11/18,odo_1733.sw1
1413,1/11/18,odo_1734.sw1
1414,1/11/18,odo_1735.sw1
1415,1/11/18,odo_1736.sw1
1416,1/11/18,odo_1737.sw1
1417,1/11/18,odo_1738.sw1
1418,1/11/18,odo_1739.sw1
1419,1/11/18,odo_1740.sw1
1420,1/11/18,odo_1741.sw1
1421,1/11/18,odo_1742.sw1
1422,1/11/18,odo_1743.sw1
1423,1/11/18,odo_1744.sw1
1424,1/11/18,odo_1745.sw1
1425,1/11/18,odo_1746.sw1
1426,1/11/18,odo_1747.sw1
1427,1/11/18,odo_1748.sw1
1428,1/11/18,odo_1749.sw1
1429,1/11/18,odo_1750.sw1
1430,1/11/18,odo_1751.sw1
1431,1/11/18,odo_1752.sw1
1432,1/11/18,odo_1753.sw1
1433,1/11/18,odo_1754.sw1
1434,1/11/18,odo_1755.sw1
1435,1/11/18,odo_1756.sw1
1436,1/11/18,odo_1757.sw1
1437,1/11/18,odo_1758.sw1
1438,1/11/18,odo_1759.sw1
1439,1/11/18,odo_1760.sw1
1440,1/11/18,odo_1761.sw1
1441,1/11/18,odo_1762.sw1
1442,1/11/18,odo_1763.sw1
1443,1/11/18,odo_1764.sw1
1444,1/11/18,odo_1765.sw1
1445,1/11/18,odo_1766.sw1
1446,1/11/18,odo_1767.sw1
1447,1/11/18,odo_1768.sw1
1448,1/11/18,odo_1769.sw1
1449,1/11/18,odo_1770.sw1
1450,1/11/18,odo_1771.sw1
1451,1/11/18,odo_1772.sw1
1452,1/11/18,odo_1773.sw1
1453,1/11/18,odo_1774.sw1
1454,1/11/18,odo_1775.sw1
1455,1/11/18,odo_1776.sw1
1456,1/11/18,odo_1777.sw1
1457,1/11/18,odo_1778.sw1
1458,1/11/18,odo_1779.sw1
1459,1/11/18,odo_1780.sw1
1460,1/11/18,odo_1781.sw1
1461,1/11/18,odo_1782.sw1
1462,1/11/18,odo_1783.sw1
1463,1/11/18,odo_1784.sw1
1464,1/19/18,odo_1785.sw1
1465,1/19/18,odo_1786.sw1
1466,1/19/18,odo_1787.sw1
1467,1/19/18,odo_1788.sw1
1468,1/19/18,odo_1789.sw1
1469,1/19/18,odo_1790.sw1
1470,1/19/18,odo_1791.sw1
1471,1/19/18,odo_1792.sw1
1472,1/19/18,odo_1793.sw1
1473,1/19/18,odo_1794.sw1
1474,1/19/18,odo_1795.sw1
1475,1/19/18,odo_1796.sw1
1476,1/19/18,odo_1797.sw1
1477,1/19/18,odo_1798.sw1
1478,1/19/18,odo_1799.sw1
1479,1/19/18,odo_1800.sw1
1480,1/19/18,odo_1801.sw1
1481,1/19/18,odo_1802.sw1
1482,1/19/18,odo_1803.sw1
1483,1/19/18,odo_1804.sw1
1484,1/19/18,odo_1805.sw1
1485,1/19/18,odo_1806.sw1
1486,1/19/18,odo_1807.sw1
1487,1/19/18,odo_1808.sw1
1488,1/19/18,odo_1809.sw1
1489,1/19/18,odo_1810.sw1
1490,1/19/18,odo_1811.sw1
1491,1/19/18,odo_1812.sw1
1492,1/19/18,odo_1813.sw1
1493,1/19/18,odo_1814.sw1
1494,1/19/18,odo_1815.sw1
1495,1/19/18,odo_1816.sw1
1496,1/19/18,odo_1817.sw1
1497,1/19/18,odo_1818.sw1
1498,1/19/18,odo_1819.sw1
1499,1/19/18,odo_1820.sw1
1500,1/19/18,odo_1821.sw1
1501,1/19/18,odo_1822.sw1
1502,1/19/18,odo_1823.sw1
1503,1/19/18,odo_1824.sw1
1504,1/19/18,odo_1825.sw1
1505,1/19/18,odo_1826.sw1
1506,1/19/18,odo_1827.sw1
1507,1/19/18,odo_1828.sw1
1508,1/19/18,odo_1829.sw1
1509,1/19/18,odo_1830.sw1
1510,1/19/18,odo_1831.sw1
1511,1/19/18,odo_1832.sw1
1512,1/19/18,odo_1833.sw1
1513,1/19/18,odo_1834.sw1
1514,1/19/18,odo_1835.sw1
1515,1/19/18,odo_1836.sw1
1516,1/19/18,odo_1837.sw1
1517,1/19/18,odo_1838.sw1
1518,1/19/18,odo_1839.sw1
1519,1/19/18,odo_1840.sw1
1520,1/19/18,odo_1841.sw1
1521,1/19/18,odo_1842.sw1
1522,1/19/18,odo_1843.sw1
1523,1/19/18,odo_1844.sw1
1524,1/19/18,odo_1845.sw1
1525,1/19/18,odo_1846.sw1
1526,1/19/18,odo_1847.sw1