extraction_id,lab_id,stor,qpcr_plate,cq,assay_conc,extracted_conc
odo_0123d.TK1,odo_0123,dry,10,32.18464279,57.10937119,7.309999512
odo_0124d.TK1,odo_0124,dry,10,31.87212563,70.17204285,8.982021484
odo_0125d.TK1,odo_0125,dry,10,32.73022842,39.85985565,5.102061523
odo_0126d.TK1,odo_0126,dry,10,33.37805939,26.00739098,3.328946045
odo_0127d.TK1,odo_0127,dry,10,Undetermined,,
odo_0128d.TK1,odo_0128,dry,10,32.9719429,33.98959351,4.350667969
odo_0129d.TK1,odo_0129,dry,10,33.70836639,20.91932869,2.677674072
odo_0130d.TK1,odo_0130,dry,10,35.57068253,6.130098343,0.784652588
odo_0131d.TK1,odo_0131,dry,10,32.41572189,49.0412941,6.277285645
odo_0132d.TK1,odo_0132,dry,10,35.19580841,7.848264217,1.00457782
odo_0133d.TK1,odo_0133,dry,10,36.15752792,4.163756847,0.532960876
odo_0134d.TK1,odo_0134,dry,10,37.24428558,2.034255266,0.260384674
odo_0135d.TK1,odo_0135,dry,10,31.41190338,95.03878021,12.16496387
odo_0136d.TK1,odo_0136,dry,10,28.87779236,504.9864197,64.63826172
odo_0137d.TK1,odo_0137,dry,10,29.04862595,451.2106018,57.75495703
odo_0138d.TK1,odo_0138,dry,10,33.81125259,19.54776001,2.502113281
odo_0123E.TK1,odo_0123,EtOH,10,34.2550621,14.59010315,1.867533203
odo_0124E.TK1,odo_0124,EtOH,10,30.60094452,162.1938934,20.76081836
odo_0125E.TK1,odo_0125,EtOH,10,31.44080162,93.24570465,11.9354502
odo_0126E.TK1,odo_0126,EtOH,10,32.65158463,41.98046112,5.373499023
odo_0127E.TK1,odo_0127,EtOH,10,32.15229034,58.34022903,7.467549316
odo_0128E.TK1,odo_0128,EtOH,10,33.01903534,32.95079803,4.217702148
odo_0129E.TK1,odo_0129,EtOH,10,33.32016754,27.01892662,3.458422607
odo_0130E.TK1,odo_0130,EtOH,10,34.55154419,12.0002861,1.536036621
odo_0131E.TK1,odo_0131,EtOH,10,34.69244003,10.93605614,1.399815186
odo_0132E.TK1,odo_0132,EtOH,10,35.95269012,4.765619278,0.609999268
odo_0133E.TK1,odo_0133,EtOH,10,35.34667969,7.105380058,0.909488647
odo_0134E.TK1,odo_0134,EtOH,10,34.80850601,10.13065052,1.296723267
odo_0135E.TK1,odo_0135,EtOH,10,33.74840546,20.37449074,2.607934814
odo_0136E.TK1,odo_0136,EtOH,10,32.1778717,57.36481094,7.342695801
odo_0137E.TK1,odo_0137,EtOH,10,34.09565353,16.20646858,2.074427979
odo_0138E.TK1,odo_0138,EtOH,10,32.3133812,52.46341324,6.715316895
odo_0123.sw1,odo_0123,swab,10,31.18457222,110.4011154,14.13134277
odo_0124.sw1,odo_0124,swab,10,30.95784569,128.1955566,16.40903125
odo_0125.sw1,odo_0125,swab,10,26.5640564,2320.476074,297.0209375
odo_0126.sw1,odo_0126,swab,10,29.91127205,255.5350037,32.70848047
odo_0127.sw1,odo_0127,swab,10,32.03355789,63.08916855,8.075413574
odo_0128.sw1,odo_0128,swab,10,30.58842468,163.5378265,20.9328418
odo_0129.sw1,odo_0129,swab,10,32.96276855,34.19574356,4.377055176
odo_0130.sw1,odo_0130,swab,10,34.21252441,15.00495148,1.920633789
odo_0131.sw1,odo_0131,swab,10,32.12667084,59.33372498,7.594716797
odo_0132.sw1,odo_0132,swab,10,31.90895844,68.48900604,8.766592773
odo_0133.sw1,odo_0133,swab,10,33.98409653,17.44299889,2.232703857
odo_0134.sw1,odo_0134,swab,10,33.68411255,21.25642967,2.720822998
odo_0135.sw1,odo_0135,swab,10,34.95854187,9.176776886,1.174627441
odo_0136.sw1,odo_0136,swab,10,32.63359451,42.48120117,5.43759375
odo_0137.sw1,odo_0137,swab,10,34.19908905,15.13841534,1.937717163
odo_0138.sw1,odo_0138,swab,10,42.11515045,0.082061686,0.010503896
odo_0139.sw1,odo_0139,swab,11,37.04354726,1.764111757,0.225806305
odo_0139d.TK1,odo_0139,dry,11,36.18348957,3.200868845,0.409711212
odo_0139E.TK1,odo_0139,EtOH,11,36.41028889,2.735502005,0.350144257
odo_0140.sw1,odo_0140,swab,11,35.86668208,3.986364365,0.510254639
odo_0140d.TK1,odo_0140,dry,11,37.4167286,1.362251639,0.17436821
odo_0140E.TK1,odo_0140,EtOH,11,36.09855144,3.394852161,0.434541077
odo_0141.sw1,odo_0141,swab,11,36.19963122,3.165277481,0.405155518
odo_0141d.TK1,odo_0141,dry,11,38.40282434,0.688015103,0.088065933
odo_0141E.TK1,odo_0141,EtOH,11,36.69752371,2.241943359,0.28696875
odo_0142.sw1,odo_0142,swab,11,36.03055617,3.558579922,0.45549823
odo_0142d.TK1,odo_0142,dry,11,40.55690524,0.154724538,0.019804741
odo_0142E.TK1,odo_0142,EtOH,11,33.99264204,14.60049629,1.868863525
odo_0143.sw1,odo_0143,swab,11,34.00522282,14.47380733,1.852647338
odo_0143d.TK1,odo_0143,dry,11,36.56076969,2.464711189,0.315483032
odo_0143E.TK1,odo_0143,EtOH,11,35.668764,4.572135925,0.585233398
odo_0144.sw1,odo_0144,swab,11,36.07432642,3.452301979,0.441894653
odo_0144d.TK1,odo_0144,dry,11,40.61181975,0.14894934,0.019065516
odo_0144E.TK1,odo_0144,EtOH,11,38.4761713,0.65393126,0.083703201
odo_0145.sw1,odo_0145,swab,11,35.51416273,5.088968277,0.651387939
odo_0145d.TK1,odo_0145,dry,11,35.33596391,5.757573605,0.736969421
odo_0145E.TK1,odo_0145,EtOH,11,34.53341308,10.0387764,1.284963379
odo_0146.sw1,odo_0146,swab,11,36.1308742,3.319684505,0.424919617
odo_0146d.TK1,odo_0146,dry,11,36.41986323,2.717419386,0.347829681
odo_0146E.TK1,odo_0146,EtOH,11,37.95437335,0.938665867,0.120149231
odo_0147.sw1,odo_0147,swab,11,40.6810212,0.141977608,0.018173134
odo_0147d.TK1,odo_0147,dry,11,36.55198111,2.479762077,0.317409546
odo_0147E.TK1,odo_0147,EtOH,11,48.68762566,0.00055398,7.09094E-05
odo_0148.sw1,odo_0148,swab,11,36.19760178,3.169730425,0.405725494
odo_0148d.TK1,odo_0148,dry,11,36.71841044,2.209739208,0.282846619
odo_0148E.TK1,odo_0148,EtOH,11,36.21314361,3.135787964,0.401380859
odo_0150.sw1,odo_0150,swab,11,36.47394592,2.617497683,0.335039703
odo_0150d.TK1,odo_0150,dry,11,38.64039082,0.583616972,0.074702972
odo_0150E.TK1,odo_0150,EtOH,11,39.5798135,0.304445654,0.038969044
odo_0153.sw1,odo_0153,swab,11,34.12161512,13.35263729,1.709137573
odo_0153d.TK1,odo_0153,dry,11,36.04014448,3.535022259,0.452482849
odo_0153E.TK1,odo_0153,EtOH,11,31.7024458,71.34370422,9.13199414
odo_0154.sw1,odo_0154,swab,11,36.49210894,2.584771156,0.330850708
odo_0154d.TK1,odo_0154,dry,11,35.25938083,6.071261406,0.77712146
odo_0154E.TK1,odo_0154,EtOH,11,32.404507,43.86780548,5.615079101
odo_0155.sw1,odo_0155,swab,13,37.60813141,1.119791746,0.143333343
odo_0155E.TK1,odo_0155,EtOH,13,fail,fail,
odo_0155d.TK1,odo_0155,dry,13,34.9881134,6.753542423,0.86445343
odo_0156.sw1,odo_0156,swab,13,36.29417419,3.348760128,0.428641296
odo_0156E.TK1,odo_0156,EtOH,13,33.78863144,15.38860512,1.969741455
odo_0156d.TK1,odo_0156,dry,13,32.50534058,37.31682205,4.776553222
odo_0157.sw1,odo_0157,swab,13,36.1942482,4.380149841,0.56065918
odo_0157E.TK1,odo_0157,EtOH,13,33.59342194,17.61449623,2.254655517
odo_0157d.TK1,odo_0157,dry,13,33.38185883,20.35334015,2.605227539
odo_0158.sw1,odo_0158,swab,13,48.87342453,0.000553835,7.08909E-05
odo_0158E.TK1,odo_0158,EtOH,13,35.58575821,4.60389328,0.58929834
odo_0158d.TK1,odo_0158,dry,13,32.22655487,49.52033997,6.338603516
odo_0159.sw1,odo_0159,swab,13,fail,fail,
odo_0159E.TK1,odo_0159,EtOH,13,fail,fail,
odo_0159d.TK1,odo_0159,dry,13,fail,fail,
odo_0160.sw1,odo_0160,swab,13,35.5725174,4.545194626,0.581784912
odo_0160E.TK1,odo_0160,EtOH,13,33.66030884,17.06440163,2.184243409
odo_0160d.TK1,odo_0160,dry,13,36.62229156,2.201800346,0.281830444
odo_0161.sw1,odo_0161,swab,13,33.20500946,22.98544502,2.942136963
odo_0161E.TK1,odo_0161,EtOH,13,31.99502945,70.02654266,8.96339746
odo_0161d.TK1,odo_0161,dry,13,35.37330246,5.185609818,0.663758057
odo_0162.sw1,odo_0162,swab,13,32.81877899,31.49314499,4.031122559
odo_0162E.TK1,odo_0162,EtOH,13,32.554039,36.80651093,4.711233399
odo_0162d.TK1,odo_0162,dry,13,29.92944908,216.9367371,27.76790235
odo_0163.sw1,odo_0163,swab,13,29.36789322,346.0462036,44.29391406
odo_0163E.TK1,odo_0163,EtOH,13,31.85795975,61.35248947,7.853118652
odo_0163d.TK1,odo_0163,dry,13,29.92805862,218.8126068,28.00801367
odo_0164.sw1,odo_0164,swab,13,34.26158905,11.31158829,1.447883301
odo_0164E.TK1,odo_0164,EtOH,13,30.8793869,184.6462097,23.63471484
odo_0164d.TK1,odo_0164,dry,13,31.38256454,80.798172,10.34216602
odo_0165.sw1,odo_0165,swab,13,35.82857513,3.794836521,0.485739075
odo_0165E.TK1,odo_0165,EtOH,13,31.39421463,216.710495,27.73894336
odo_0165d.TK1,odo_0165,dry,13,31.18032837,110.0416946,14.08533691
odo_0166.sw1,odo_0166,swab,13,36.14933777,3.045448303,0.389817383
odo_0166E.TK1,odo_0166,EtOH,13,31.56710815,116.5472641,14.9180498
odo_0166d.TK1,odo_0166,dry,13,32.97305298,30.55947876,3.911613281
odo_0167.sw1,odo_0167,swab,13,35.578022,4.506323814,0.576809448
odo_0167E.TK1,odo_0167,EtOH,13,33.40606689,57.397686,7.346903808
odo_0167d.TK1,odo_0167,dry,13,32.55894089,35.86386871,4.590575195
odo_0168.sw1,odo_0168,swab,14,42.56143188,0.04098516,0.0052461
odo_0168E.TK1,odo_0168,EtOH,14,35.13153076,7.438241482,0.95209491
odo_0168d.TK1,odo_0168,dry,14,35.24799728,6.956700325,0.890457642
odo_0169.sw1,odo_0169,swab,14,38.06283188,0.938191235,0.120088478
odo_0169E.TK1,odo_0169,EtOH,14,31.13857269,122.2946548,15.65371581
odo_0169d.TK1,odo_0169,dry,14,36.20397186,3.562548161,0.456006165
odo_0170.sw1,odo_0170,swab,14,37.65607452,1.287883997,0.164849152
odo_0170E.TK1,odo_0170,EtOH,14,38.33901596,0.77258718,0.098891159
odo_0170d.TK1,odo_0170,dry,14,36.57187653,3.155432224,0.403895325
odo_0171.sw1,odo_0171,swab,14,41.66201019,0.0992838,0.012708326
odo_0171E.TK1,odo_0171,EtOH,14,37.85896683,1.32088685,0.169073517
odo_0171d.TK1,odo_0171,dry,14,38.55626297,0.673803806,0.086246887
odo_0172.sw1,odo_0172,swab,14,38.83324432,0.548507452,0.070208954
odo_0172E.TK1,odo_0172,EtOH,14,37.75576782,1.164547443,0.149062073
odo_0172d.TK1,odo_0172,dry,14,35.88985825,4.471457481,0.572346558
odo_0173.sw1,odo_0173,swab,14,46.46302795,0.002853257,0.000365217
odo_0173E.TK1,odo_0173,EtOH,14,38.06616974,0.935991764,0.119806946
odo_0173d.TK1,odo_0173,dry,14,41.59888458,0.078802645,0.010086739
odo_0174.sw1,odo_0174,swab,14,44.59461975,0.009496155,0.001215508
odo_0174d.TK1,odo_0174,dry,14,fail,fail,
odo_0174E.TK1,odo_0174,EtOH,14,fail,fail,
odo_0175.sw1,odo_0175,swab,14,34.26724243,13.56876564,1.736802002
odo_0175E.TK1,odo_0175,EtOH,14,35.7516098,5.776378632,0.739376465
odo_0175d.TK1,odo_0175,dry,14,34.66040802,10.28651524,1.316673951
odo_0176.sw1,odo_0176,swab,14,33.63938141,21.7287426,2.781279053
odo_0176E.TK1,odo_0176,EtOH,14,34.39815521,13.90665245,1.780051514
odo_0176d.TK1,odo_0176,dry,14,34.16629028,14.61113167,1.870224854
odo_0177.sw1,odo_0177,swab,14,30.60758018,177.5910339,22.73165234
odo_0177E.TK1,odo_0177,EtOH,14,35.32214355,6.561568737,0.839880798
odo_0177d.TK1,odo_0177,dry,14,37.26018906,1.649721265,0.211164322
odo_0178.sw1,odo_0178,swab,14,42.68779373,0.045081258,0.005770401
odo_0178E.TK1,odo_0178,EtOH,14,36.30057526,3.375181437,0.432023224
odo_0178d.TK1,odo_0178,dry,14,39.03430176,0.476078272,0.060938019
odo_0179.sw1,odo_0179,swab,14,39.41020966,0.369962871,0.047355247
odo_0179E.TK1,odo_0179,EtOH,14,39.11404037,0.453870058,0.058095367
odo_0179d.TK1,odo_0179,dry,14,40.60432434,0.157088593,0.02010734
odo_0180.sw1,odo_0180,swab,14,37.81624222,1.115828395,0.142826035
odo_0180E.TK1,odo_0180,EtOH,14,33.48959732,24.83588409,3.178993164
odo_0180d.TK1,odo_0180,dry,14,37.16443634,2.166253567,0.277280457
odo_0181.sw1,odo_0181,swab,15,35.69204712,3.610018015,0.462082306
odo_0181E.TK1,odo_0181,EtOH,15,30.96785736,92.99795532,11.90373828
odo_0181d.TK1,odo_0181,dry,15,36.67621231,1.834724188,0.234844696
odo_0182.sw1,odo_0182,swab,15,30.90427589,97.15454865,12.43578223
odo_0182E.TK1,odo_0182,EtOH,15,30.28365135,148.8757019,19.05608984
odo_0182d.TK1,odo_0182,dry,15,38.56874084,0.627649605,0.080339149
odo_0183.sw1,odo_0183,swab,15,36.77742767,1.711358547,0.219053894
odo_0183E.TK1,odo_0183,EtOH,15,31.4272747,201.4607239,25.78697266
odo_0183d.TK1,odo_0183,dry,15,35.88818359,3.154493809,0.403775208
odo_0185.sw1,odo_0185,swab,15,30.07735825,171.5682526,21.96073633
odo_0185E.TK1,odo_0185,EtOH,15,31.85325432,99.39469147,12.72252051
odo_0185d.TK1,odo_0185,dry,15,37.21406174,1.267454624,0.162234192
odo_0186.sw1,odo_0186,swab,15,32.73886108,27.51258278,3.521610596
odo_0186E.TK1,odo_0186,EtOH,15,30.39318657,138.0731201,17.67335937
odo_0186d.TK1,odo_0186,dry,15,36.22373199,3.404492855,0.435775085
odo_0187.sw1,odo_0187,swab,15,30.91711998,96.30016327,12.3264209
odo_0187E.TK1,odo_0187,EtOH,15,30.53030586,352.0393982,45.06104297
odo_0187d.TK1,odo_0187,dry,15,33.24345398,19.44579315,2.489061523
odo_0188.sw1,odo_0188,swab,15,37.03831863,1.430280566,0.183075912
odo_0188E.TK1,odo_0188,EtOH,15,30.578825,624.4812622,79.93360156
odo_0188d.TK1,odo_0188,dry,15,35.53644943,4.434307098,0.567591309
odo_0189.sw1,odo_0189,swab,15,33.33599854,67.96855164,8.69997461
odo_0189E.TK1,odo_0189,EtOH,15,29.50543785,254.2442932,32.54326953
odo_0189d.TK1,odo_0189,dry,15,37.45465088,1.114005089,0.142592651
odo_0190.sw1,odo_0190,swab,15,31.33942223,248.9992065,31.87189843
odo_0190E.TK1,odo_0190,EtOH,15,28.9553833,2003.501953,256.44825
odo_0190d.TK1,odo_0190,dry,15,35.94352722,3.037317276,0.388776611
odo_0191.sw1,odo_0191,swab,15,33.36268616,112.5143814,14.40184082
odo_0191E.TK1,odo_0191,EtOH,15,32.28474808,339.9619751,43.51513281
odo_0191d.TK1,odo_0191,dry,15,36.56258774,1.983840704,0.25393161
odo_0192.sw1,odo_0192,swab,15,31.98725128,133.7978363,17.12612305
odo_0192E.TK1,odo_0192,EtOH,15,31.85814095,50.41667938,6.453334961
odo_0192d.TK1,odo_0192,dry,15,31.50608253,64.29251862,8.229442383
odo_0193.sw1,odo_0193,swab,15,29.94412231,324.0057068,41.47273047
odo_0193E.TK1,odo_0193,EtOH,15,31.04053879,88.46383667,11.32337109
odo_0193d.TK1,odo_0193,dry,15,32.74779892,27.45878601,3.514724609
odo_0194.sw1,odo_0194,swab,15,33.52135849,17.59790421,2.252531739
odo_0194E.TK1,odo_0194,EtOH,15,31.26131058,171.7915039,21.9893125
odo_0194d.TK1,odo_0194,dry,15,36.18048477,2.634244919,0.33718335
odo_0195.sw1,odo_0195,swab,16,31.46375275,64.89151764,8.306114258
odo_0195E.TK1,odo_0195,EtOH,16,31.89230156,48.13225555,6.16092871
odo_0195d.TK1,odo_0195,dry,16,31.83468246,50.08189774,6.410482911
odo_0196.sw1,odo_0196,swab,16,29.94834137,186.4458008,23.8650625
odo_0196E.TK1,odo_0196,EtOH,16,30.50990486,126.0914001,16.13969921
odo_0196d.TK1,odo_0196,dry,16,29.07358932,342.9338989,43.89553906
odo_0197.sw1,odo_0197,swab,16,31.5859375,61.19892883,7.83346289
odo_0197E.TK1,odo_0197,EtOH,16,28.99351883,363.1689453,46.485625
odo_0197d.TK1,odo_0197,dry,16,27.1892643,1257.092773,160.9078749
odo_0198.sw1,odo_0198,swab,16,32.00273895,44.88877106,5.745762696
odo_0198E.TK1,odo_0198,EtOH,16,29.75510025,214.3022766,27.4306914
odo_0198d.TK1,odo_0198,dry,16,31.38482094,69.92818451,8.950807617
odo_0199.sw1,odo_0199,swab,16,32.68290329,30.74732971,3.935658203
odo_0199E.TK1,odo_0199,EtOH,16,31.76746368,53.60611725,6.861583008
odo_0199d.TK1,odo_0199,dry,16,29.7056427,235.5248108,30.14717578
odo_0200.sw1,odo_0200,swab,16,33.36031342,17.40496063,2.227834961
odo_0200E.TK1,odo_0200,EtOH,16,31.95780563,46.21665573,5.915731933
odo_0200d.TK1,odo_0200,dry,16,29.97177124,182.0448303,23.30173828
odo_0201.sw1,odo_0201,swab,16,33.76850128,13.19626331,1.689121704
odo_0201E.TK1,odo_0201,EtOH,16,31.47370529,64.38275909,8.240993164
odo_0201d.TK1,odo_0201,dry,16,30.59607315,120.5658417,15.43242774
odo_0202.sw1,odo_0202,swab,16,34.66975784,7.03867054,0.900949829
odo_0202E.TK1,odo_0202,EtOH,16,32.97542191,22.72569656,2.90888916
odo_0202d.TK1,odo_0202,dry,16,32.57439423,30.03691864,3.844725586
odo_0203.sw1,odo_0203,swab,16,35.72533798,3.381064415,0.432776245
odo_0203E.TK1,odo_0203,EtOH,16,32.83345795,25.1715641,3.221960205
odo_0203d.TK1,odo_0203,dry,16,32.01467133,44.272995,5.66694336
odo_0204.sw1,odo_0204,swab,16,33.30886459,18.5558033,2.375142822
odo_0204E.TK1,odo_0204,EtOH,16,31.99350357,45.16530228,5.781158692
odo_0204d.TK1,odo_0204,dry,16,32.38397598,34.23069,4.38152832
odo_0205.sw1,odo_0205,swab,16,30.96095467,92.78089905,11.87595508
odo_0205E.TK1,odo_0205,EtOH,16,29.64621162,228.5364227,29.25266211
odo_0205d.TK1,odo_0205,dry,16,30.36698151,138.4907074,17.72681055
odo_0206.sw1,odo_0206,swab,16,34.21222687,9.970636368,1.276241455
odo_0206E.TK1,odo_0206,EtOH,16,32.1581192,40.0868454,5.131116211
odo_0206d.TK1,odo_0206,dry,16,28.07445526,682.5164795,87.36210938
odo_0207.sw1,odo_0207,swab,16,33.66944504,14.04858589,1.798218994
odo_0207E.TK1,odo_0207,EtOH,16,31.82135773,50.67435455,6.486317382
odo_0207d.TK1,odo_0207,dry,16,31.26195526,75.9487381,9.721438477
odo_0221.sw1,odo_0221,swab,18,27.00721169,25.21804428,3.227909668
odo_0221E.TK1,odo_0221,EtOH,18,27.97081375,12.99363613,1.663185425
odo_0221d.TK1,odo_0221,dry,18,26.37102509,39.27272034,5.026908204
odo_0222.sw1,odo_0222,swab,18,25.8689537,55.21048737,7.066942383
odo_0222E.TK1,odo_0222,EtOH,18,25.52205086,70.18719482,8.983960937
odo_0222d.TK1,odo_0222,dry,18,25.84109116,56.74136353,7.262894532
odo_0223.sw1,odo_0223,swab,18,29.72247314,3.899421692,0.499125977
odo_0223E.TK1,odo_0223,EtOH,18,25.48856354,72.00427246,9.216546875
odo_0223d.TK1,odo_0223,dry,18,25.68325996,63.61219788,8.142361329
odo_0224.sw1,odo_0224,swab,18,28.12930679,11.64819527,1.490968995
odo_0224E.TK1,odo_0224,EtOH,18,25.89279556,54.58518219,6.98690332
odo_0224d.TK1,odo_0224,dry,18,24.8835144,108.9307098,13.94313085
odo_0225.sw1,odo_0225,swab,18,29.34763336,5.033460617,0.644282959
odo_0225E.TK1,odo_0225,EtOH,18,26.18155479,44.69924545,5.721503418
odo_0225d.TK1,odo_0225,dry,18,25.6986084,62.37543488,7.984055665
odo_0226.sw1,odo_0226,swab,18,29.24838257,5.421281338,0.693924011
odo_0226E.TK1,odo_0226,EtOH,18,26.09501648,47.36610413,6.062861329
odo_0226d.TK1,odo_0226,dry,18,25.51039886,70.96631622,9.083688476
odo_0228.sw1,odo_0228,swab,18,26.32672119,40.27745056,5.155513672
odo_0228E.TK1,odo_0228,EtOH,18,28.19904327,11.09854794,1.420614136
odo_0228d.TK1,odo_0228,dry,18,28.29429626,10.66951466,1.365697876
odo_0229.sw1,odo_0229,swab,18,28.27560425,10.55076981,1.350498536
odo_0229E.TK1,odo_0229,EtOH,18,26.5807991,33.81369781,4.32815332
odo_0229d.TK1,odo_0229,dry,18,25.41412544,75.51802063,9.666306641
odo_0230.sw1,odo_0230,swab,18,26.14850998,46.01739502,5.890226563
odo_0230E.TK1,odo_0230,EtOH,18,25.49115753,71.63072205,9.168732422
odo_0230d.TK1,odo_0230,dry,18,25.38293839,77.17617798,9.878550781
odo_0231.sw1,odo_0231,swab,18,27.8721714,13.89259338,1.778251953
odo_0231E.TK1,odo_0231,EtOH,18,23.83712769,223.8438263,28.65200977
odo_0231d.TK1,odo_0231,dry,18,22.92443848,419.6016846,53.70901563
odo_0232.sw1,odo_0232,swab,18,27.02044678,24.98370361,3.197914062
odo_0232E.TK1,odo_0232,EtOH,18,26.97276688,25.89025879,3.313953125
odo_0232d.TK1,odo_0232,dry,18,27.2500515,21.53971481,2.757083496
odo_0233.sw1,odo_0233,swab,18,25.9189949,53.47773743,6.845150391
odo_0233E.TK1,odo_0233,EtOH,18,24.24656677,169.1299438,21.64863281
odo_0233d.TK1,odo_0233,dry,18,27.09233856,24.00638199,3.072816895
odo_0234.sw1,odo_0234,swab,18,28.93022537,6.974282265,0.89270813
odo_0234E.TK1,odo_0234,EtOH,18,25.00527191,100.0891876,12.81141601
odo_0234d.TK1,odo_0234,dry,18,24.32123756,160.3221741,20.52123828
odo_0208.sw1,odo_0208,swab,17,27.92545509,778.6682129,99.66953125
odo_0208E.TK1,odo_0208,EtOH,17,31.87049103,65.74913025,8.415888672
odo_0208d.TK1,odo_0208,dry,17,32.36853409,36.02246475,4.610875488
odo_0209.sw1,odo_0209,swab,17,33.74587631,13.89298534,1.778302124
odo_0209E.TK1,odo_0209,EtOH,17,31.99089813,47.39162827,6.066128419
odo_0209d.TK1,odo_0209,dry,17,29.23478317,361.3792114,46.25653906
odo_0210.sw1,odo_0210,swab,17,30.71090317,113.3848114,14.51325586
odo_0210E.TK1,odo_0210,EtOH,17,33.42534637,17.44370651,2.232794433
odo_0210d.TK1,odo_0210,dry,17,30.09138489,178.241333,22.81489062
odo_0211.sw1,odo_0211,swab,17,26.93210983,4485.0625,574.088
odo_0211E.TK1,odo_0211,EtOH,17,29.88139725,209.4213562,26.80593359
odo_0211d.TK1,odo_0211,dry,17,28.59104538,502.7192993,64.34807031
odo_0212.sw1,odo_0212,swab,17,30.82390976,254.2941742,32.5496543
odo_0212E.TK1,odo_0212,EtOH,17,31.51509857,70.99314117,9.08712207
odo_0212d.TK1,odo_0212,dry,17,29.25540543,316.6399231,40.52991016
odo_0213.sw1,odo_0213,swab,17,31.12388802,299.5646667,38.34427734
odo_0213E.TK1,odo_0213,EtOH,17,29.2346859,423.9764709,54.26898828
odo_0213d.TK1,odo_0213,dry,17,26.85927582,1657.641724,212.1781407
odo_0214.sw1,odo_0214,swab,17,33.79808807,84.38246155,10.80095508
odo_0214E.TK1,odo_0214,EtOH,17,32.59984589,42.32707977,5.417866211
odo_0214d.TK1,odo_0214,dry,17,31.52191734,69.42658234,8.88660254
odo_0215.sw1,odo_0215,swab,17,32.87628937,27.08756256,3.467208008
odo_0215E.TK1,odo_0215,EtOH,17,29.46634293,268.7447205,34.39932422
odo_0215d.TK1,odo_0215,dry,17,26.4622879,2340.19751,299.5452813
odo_0216.sw1,odo_0216,swab,17,32.38744354,35.60529327,4.557477539
odo_0216E.TK1,odo_0216,EtOH,17,30.94999313,97.73672485,12.51030078
odo_0216d.TK1,odo_0216,dry,17,30.00061035,228.2340546,29.21395899
odo_0217.sw1,odo_0217,swab,17,35.93803406,3.092660427,0.395860535
odo_0217E.TK1,odo_0217,EtOH,17,33.88300323,12.63572884,1.617373292
odo_0217d.TK1,odo_0217,dry,17,28.66771698,485.5981445,62.1565625
odo_0218.sw1,odo_0218,swab,17,34.01495361,16.09010124,2.059532959
odo_0218E.TK1,odo_0218,EtOH,17,36.75974274,1.799287796,0.230308838
odo_0218d.TK1,odo_0218,dry,17,32.19258499,47.70627594,6.10640332
odo_0219.sw1,odo_0219,swab,17,31.03111649,105.6257401,13.52009473
odo_0219E.TK1,odo_0219,EtOH,17,33.33361435,19.82152557,2.537155273
odo_0219d.TK1,odo_0219,dry,17,29.87132072,202.6656799,25.94120703
odo_0220.sw1,odo_0220,swab,17,32.87154388,25.43667984,3.25589502
odo_0220E.TK1,odo_0220,EtOH,17,32.99308014,23.94351578,3.06477002
odo_0220d.TK1,odo_0220,dry,17,31.72635841,56.16868591,7.189591796
odo_0235.sw1,odo_0235,swab,19,32.82341766,27.60647202,3.533628419
odo_0235E.TK1,odo_0235,EtOH,19,33.30871582,19.75047684,2.528061036
odo_0235d.TK1,odo_0235,dry,19,33.6639328,15.60027504,1.996835205
odo_0248.sw1,odo_0248,swab,19,fail,fail,
odo_0248E.TK1,odo_0248,EtOH,19,35.22199631,5.178868771,0.662895203
odo_0248d.TK1,odo_0248,dry,19,33.87627029,13.24837303,1.695791748
odo_0249.sw1,odo_0249,swab,19,42.17713165,0.042170994,0.005397887
odo_0249E.TK1,odo_0249,EtOH,19,34.21053314,10.55569267,1.351128662
odo_0249d.TK1,odo_0249,dry,19,35.4739151,4.403699875,0.563673584
odo_0250.sw1,odo_0250,swab,19,33.45095825,18.63045311,2.384697998
odo_0250E.TK1,odo_0250,EtOH,19,31.77439499,57.89957428,7.411145508
odo_0250d.TK1,odo_0250,dry,19,32.7143631,29.78417778,3.812374756
odo_0251.sw1,odo_0251,swab,19,34.46807861,9.112308502,1.166375488
odo_0251E.TK1,odo_0251,EtOH,19,32.13379288,48.38047409,6.192700684
odo_0251d.TK1,odo_0251,dry,19,33.52140808,17.03802681,2.180867432
odo_0252.sw1,odo_0252,swab,19,39.54603958,0.253604501,0.032461376
odo_0252E.TK1,odo_0252,EtOH,19,34.9624176,6.33061409,0.810318604
odo_0252d.TK1,odo_0252,dry,19,32.57460785,34.20368576,4.378071777
odo_0253.sw1,odo_0253,swab,19,34.97535706,6.151208878,0.787354736
odo_0253E.TK1,odo_0253,EtOH,19,34.68166733,7.593616009,0.971982849
odo_0253d.TK1,odo_0253,dry,19,32.42444611,36.57514954,4.681619141
odo_0255.sw1,odo_0255,swab,19,33.89310837,13.08744907,1.675193481
odo_0255E.TK1,odo_0255,EtOH,19,36.46946716,2.169112921,0.277646454
odo_0255d.TK1,odo_0255,dry,19,32.37478638,38.61579895,4.942822266
odo_0256.sw1,odo_0256,swab,19,32.58712006,32.54895782,4.166266601
odo_0256E.TK1,odo_0256,EtOH,19,33.00752258,24.74726486,3.167649902
odo_0256d.TK1,odo_0256,dry,19,31.46646881,71.93190002,9.207283203
odo_0257.sw1,odo_0257,swab,19,30.35580635,154.4856567,19.77416406
odo_0257E.TK1,odo_0257,EtOH,19,30.69087601,122.9134216,15.73291796
odo_0257d.TK1,odo_0257,dry,19,28.94971466,412.171051,52.75789453
odo_0258.sw1,odo_0258,swab,19,32.38838577,37.40242767,4.787510742
odo_0258E.TK1,odo_0258,EtOH,19,32.50054932,34.75939941,4.449203124
odo_0258d.TK1,odo_0258,dry,19,29.44534874,291.4061584,37.29998828
odo_0259.sw1,odo_0259,swab,19,32.16759109,44.8208313,5.737066406
odo_0259E.TK1,odo_0259,EtOH,19,33.60651398,16.10066414,2.06088501
odo_0259d.TK1,odo_0259,dry,19,29.94582367,205.854187,26.34933594