extraction_id,lab_id,cond,stor,consorconflict,1_TGLA94,2_TGLA94,1_SBTD06,2_SBTD06,1_SBTD04,2_SBTD04,1_SBTD07,2_SBTD07,1_ETH152,2_ETH152,1_SBTD05,2_SBTD05,1_CERVID1,2_CERVID1,1_ADCYC,2_ADCYC,SRY,1_BM6506,2_BM6506,1_CELB9,2_CELB9,runs_tot,n,sex,sexcheck,repcr_done,trip
odo_0124.sw1,odo_0124,3.5,swab,cons,121,143,190,194,271,285,177,193,220,220,123,131,173,175,240,242,,196,198,232,244,2,10,F,ok,1,yes
odo_0124d.TK1,odo_0124,3.5,dry,cons,121,121,,,,,,,,,,,,,,,,,,,,2,1,U,ok,1,yes
odo_0124E.TK1,odo_0124,3.5,EtOH,cons,121,143,,,,,,,,,,,,,,,,,,,,2,1,U,ok,1,yes
odo_0125.sw1,odo_0125,3,swab,cons,121,143,182,194,271,285,185,193,220,220,131,135,175,183,242,242,177,196,198,232,232,2,10,M,ok,1,yes
odo_0125d.TK1,odo_0125,3,dry,cons,121,143,182,194,271,285,,,,,,,175,175,242,242,177,196,198,232,232,2,7,M,ok,1,yes
odo_0125E.TK1,odo_0125,3,EtOH,cons,,,,,,,,,,,,,,,,,,,,,,2,0,U,ok,1,yes
odo_0126.sw1,odo_0126,3,swab,cons,143,143,190,194,257,271,182,185,218,222,123,127,175,175,240,242,177,196,198,240,240,1,10,M,ok,0,yes
odo_0126d.TK1,odo_0126,3,dry,cons,143,143,190,194,257,271,182,185,218,222,123,127,175,175,240,242,177,196,198,240,240,2,10,M,ok,1,yes
odo_0126E.TK1,odo_0126,3,EtOH,cons,143,143,190,194,,,,,,,123,123,,,,,,,,,,2,3,U,ok,1,yes
odo_0127.sw1,odo_0127,3,swab,cons,121,143,190,194,285,285,185,193,218,220,123,135,173,183,242,242,,196,196,228,244,1,10,F,ok,0,yes
odo_0127d.TK1,odo_0127,3,dry,cons,,,,,,,,,,,,,,,,,,,,,,2,0,U,ok,1,yes
odo_0127E.TK1,odo_0127,3,EtOH,cons,121,143,190,194,,,,,218,220,123,123,173,173,,,,,,228,228,2,6,U,ok,1,yes
odo_0128.sw1,odo_0128,3,swab,cons,121,143,190,194,285,285,185,193,218,220,123,135,173,183,242,242,,196,196,228,244,1,10,F,ok,0,yes
odo_0128d.TK1,odo_0128,3,dry,cons,121,143,190,194,285,285,185,193,218,220,123,123,173,173,242,242,,196,196,228,244,2,10,F,ok,1,yes
odo_0128E.TK1,odo_0128,3,EtOH,cons,121,143,190,194,285,285,185,193,218,220,123,123,173,183,242,242,,196,196,228,244,2,10,F,ok,1,yes
odo_0129.sw1,odo_0129,3,swab,cons,143,143,194,198,,,189,189,234,234,135,135,,,240,242,,196,196,230,234,1,8,F,ok,0,yes
odo_0129d.TK1,odo_0129,3,dry,cons,121,143,,,,,,,,,135,135,,,,,,196,196,,,2,3,U,ok,1,yes
odo_0129E.TK1,odo_0129,3,EtOH,cons,,,,,,,,,,,,,,,,,,,,,,2,0,U,ok,1,yes
odo_0130.sw1,odo_0130,2.5,swab,cons,121,143,190,190,279,279,185,185,,,135,143,,,,,177,200,200,,,2,6,M,ok,1,yes
odo_0130d.TK1,odo_0130,2.5,dry,cons,,,,,,,,,,,,,,,,,,,,,,2,0,U,ok,1,yes
odo_0130E.TK1,odo_0130,2.5,EtOH,cons,,,,,279,279,,,,,,,,,,,,,,,,2,1,U,ok,1,yes
odo_0131.sw1,odo_0131,3,swab,cons,,,,,279,279,173,185,,,,,,,,,,,,226,240,2,3,F,ok,1,yes
odo_0131d.TK1,odo_0131,3,dry,cons,121,121,190,194,,,,,,,,,,,,,,,,,,2,2,U,ok,1,yes
odo_0131E.TK1,odo_0131,3,EtOH,cons,121,130,190,194,,,,,228,228,119,127,175,175,,,,196,196,,,2,6,U,ok,1,yes
odo_0132.sw1,odo_0132,2,swab,cons,143,143,182,194,,,189,193,216,220,135,135,173,173,240,240,177,196,200,228,228,1,9,M,ok,0,yes
odo_0132d.TK1,odo_0132,2,dry,cons,143,143,182,194,269,271,189,193,216,220,135,135,173,177,240,240,177,196,200,228,228,2,10,M,ok,1,yes
odo_0132E.TK1,odo_0132,2,EtOH,cons,143,143,182,194,,,,,216,220,135,135,173,173,,,177,200,200,,,2,6,M,ok,1,yes
odo_0133.sw1,odo_0133,3.5,swab,cons,121,143,,,279,279,185,189,,,135,135,,,,,,,,236,236,2,5,U,ok,1,yes
odo_0133d.TK1,odo_0133,3.5,dry,cons,143,143,,,,,,,,,,,,,,,,,,,,2,1,U,ok,1,yes
odo_0133E.TK1,odo_0133,3.5,EtOH,cons,,,,,,,,,,,,,,,,,,,,,,2,0,U,ok,1,yes
odo_0134.sw1,odo_0134,2,swab,cons,121,121,190,194,253,257,189,193,222,222,127,135,173,173,240,240,,194,198,232,236,2,10,F,ok,1,yes
odo_0134d.TK1,odo_0134,2,dry,cons,121,121,190,194,253,257,189,193,222,222,127,135,173,173,240,240,,194,198,232,236,2,10,F,ok,1,yes
odo_0134E.TK1,odo_0134,2,EtOH,cons,121,121,190,194,253,257,189,193,222,222,127,135,,,240,240,,194,198,232,236,2,9,F,ok,1,yes
odo_0135.sw1,odo_0135,3,swab,cons,143,143,182,194,269,271,189,193,216,220,135,135,173,177,240,240,177,196,200,228,228,3,10,M,ok,2,yes
odo_0135d.TK1,odo_0135,3,dry,cons,,,,,,,,,,,,,,,,,,,,,,2,0,U,ok,1,yes
odo_0135E.TK1,odo_0135,3,EtOH,cons,,,,,,,,,,,,,,,,,,,,,,3,0,U,ok,2,yes
odo_0136.sw1,odo_0136,3,swab,cons,121,143,190,194,271,275,189,189,216,224,131,139,173,177,240,242,,196,196,238,238,2,10,U,ok,1,yes
odo_0136d.TK1,odo_0136,3,dry,cons,121,143,190,194,271,275,189,189,216,224,131,139,173,177,240,242,,196,196,238,238,2,10,U,ok,1,yes
odo_0136E.TK1,odo_0136,3,EtOH,cons,121,143,190,194,271,275,189,189,216,224,131,139,173,177,240,242,,196,196,238,238,2,10,U,ok,1,yes
odo_0137.sw1,odo_0137,3,swab,cons,121,143,190,194,249,271,185,193,226,228,131,135,158,168,240,240,,200,200,234,238,2,10,F,ok,1,yes
odo_0137d.TK1,odo_0137,3,dry,cons,121,143,190,194,249,271,185,193,226,228,131,135,158,168,240,240,,200,200,234,238,2,10,F,ok,1,yes
odo_0137E.TK1,odo_0137,3,EtOH,cons,121,143,190,194,249,271,185,193,226,228,131,135,158,168,240,240,,200,200,234,238,2,10,F,ok,1,yes
odo_0138.sw1,odo_0138,3,swab,cons,121,143,190,194,271,275,189,189,216,224,131,139,173,173,240,242,,196,196,238,238,2,10,U,ok,1,yes
odo_0138d.TK1,odo_0138,3,dry,cons,121,143,190,194,271,275,189,189,216,224,131,139,173,177,240,242,,196,196,238,238,2,10,U,ok,1,yes
odo_0138E.TK1,odo_0138,3,EtOH,cons,121,143,190,194,271,275,189,189,216,224,131,139,173,177,240,242,,196,196,238,238,2,10,U,ok,1,yes
odo_0139.sw1,odo_0139,3,swab,cons,,,,,,,,,,,,,,,,,,,,,,2,0,U,ok,1,yes
odo_0139d.TK1,odo_0139,3,dry,cons,121,121,,,279,279,173,173,,,,,,,,,177,198,198,,,2,4,M,ok,1,yes
odo_0139E.TK1,odo_0139,3,EtOH,cons,,,,,,,,,,,,,,,,,,,,,,2,0,U,ok,1,yes
odo_0140.sw1,odo_0140,3.5,swab,cons,,,,,,,,,,,,,,,,,,,,,,2,0,U,ok,1,yes
odo_0140d.TK1,odo_0140,3.5,dry,cons,143,143,182,198,,,189,189,220,220,127,135,,,,,177,198,202,236,236,2,7,M,ok,1,yes
odo_0140E.TK1,odo_0140,3.5,EtOH,cons,121,143,182,198,269,279,185,189,220,222,135,135,175,175,,,177,198,202,236,236,2,9,M,ok,1,yes
odo_0141.sw1,odo_0141,3.5,swab,cons,121,143,190,194,,,,,216,224,,,,,,,,196,196,,,2,4,U,ok,1,yes
odo_0141d.TK1,odo_0141,3.5,dry,cons,121,143,190,194,,,189,189,216,224,127,139,,,,,,196,196,234,238,2,7,F,ok,1,yes
odo_0141E.TK1,odo_0141,3.5,EtOH,cons,121,143,190,194,271,275,189,189,216,224,127,139,177,181,242,242,,196,196,234,238,2,10,F,ok,1,yes
odo_0142.sw1,odo_0142,2,swab,cons,,,,,,,,,,,,,,,,,,,,,,2,0,U,ok,1,yes
odo_0142d.TK1,odo_0142,2,dry,cons,143,143,190,194,271,275,185,189,224,226,131,135,175,181,240,242,,196,196,232,234,2,10,F,ok,1,yes
odo_0142E.TK1,odo_0142,2,EtOH,cons,143,143,190,194,,,185,189,,,131,135,,,,,,196,196,,,2,5,U,ok,1,yes
odo_0143.sw1,odo_0143,3,swab,cons,121,143,194,194,,,,,,,,,,,,,,,,,,2,2,U,ok,1,yes
odo_0143d.TK1,odo_0143,3,dry,cons,121,143,194,194,271,283,185,185,220,226,131,135,175,175,240,240,,196,200,232,238,2,10,F,ok,1,yes
odo_0143E.TK1,odo_0143,3,EtOH,cons,121,143,194,194,271,283,185,193,220,226,131,135,175,175,240,240,,196,200,232,238,2,10,F,ok,1,yes
odo_0144.sw1,odo_0144,3.5,swab,cons,,,,,,,,,,,,,,,,,,,,,,2,0,U,ok,1,yes
odo_0144d.TK1,odo_0144,3.5,dry,cons,121,143,,,,,189,193,,,127,127,,,,,,,,,,2,3,U,ok,1,yes
odo_0144E.TK1,odo_0144,3.5,EtOH,cons,,,,,,,,,,,,,,,,,,,,,,2,0,U,ok,1,yes
odo_0145.sw1,odo_0145,2,swab,cons,121,143,194,194,257,275,189,193,222,226,135,139,177,183,240,242,,196,196,230,234,2,10,F,ok,1,yes
odo_0145d.TK1,odo_0145,2,dry,cons,121,143,194,194,257,275,189,193,222,226,135,139,177,183,240,242,,196,196,230,234,2,10,F,ok,1,yes
odo_0145E.TK1,odo_0145,2,EtOH,cons,121,143,194,194,257,257,189,193,222,226,135,139,177,177,240,242,,196,196,230,234,2,10,F,ok,1,yes
odo_0146.sw1,odo_0146,3,swab,cons,121,121,,,,,,,,,,,,,,,,,,,,2,1,U,ok,1,yes
odo_0146d.TK1,odo_0146,3,dry,cons,121,143,194,194,,,189,193,,,135,135,,,,,,196,196,,,2,5,U,ok,1,yes
odo_0146E.TK1,odo_0146,3,EtOH,cons,143,143,,,,,,,,,,,,,,,,200,200,,,2,2,U,ok,1,yes
odo_0147.sw1,odo_0147,3,swab,cons,143,143,,,,,185,189,,,127,127,,,,,,,,,,2,3,U,ok,1,yes
odo_0147d.TK1,odo_0147,3,dry,cons,,,,,,,,,,,,,,,,,,,,,,2,0,U,ok,1,yes
odo_0147E.TK1,odo_0147,3,EtOH,cons,121,121,190,194,257,271,189,193,,,135,135,,,240,242,,194,196,232,232,2,8,U,ok,1,yes
odo_0148.sw1,odo_0148,3,swab,cons,143,143,190,194,,,185,189,,,131,135,,,,,,196,196,,,2,5,U,ok,1,yes
odo_0148d.TK1,odo_0148,3,dry,cons,143,143,190,194,271,275,185,189,224,226,131,135,,,,,,196,196,232,234,2,8,F,ok,1,yes
odo_0148E.TK1,odo_0148,3,EtOH,cons,,,,,,,,,,,,,,,,,,,,,,2,0,U,ok,1,yes
odo_0149d.TK1,odo_0149,3,dry,cons,,,,,,,,,,,,,,,,,,,,,,2,0,U,ok,1,no
odo_0149E.TK1,odo_0149,3,EtOH,cons,,,,,,,,,,,,,,,,,,,,,,2,0,U,ok,1,no
odo_0150.sw1,odo_0150,3,swab,cons,121,121,,,,,173,173,,,143,143,,,,,,,,230,230,2,4,U,ok,1,yes
odo_0150d.TK1,odo_0150,3,dry,cons,121,121,,,,,182,182,,,,,,,,,,194,194,230,230,2,4,U,ok,1,yes
odo_0150E.TK1,odo_0150,3,EtOH,cons,121,121,,,,,,,,,123,143,,,,,,,,,,2,2,U,ok,1,yes
odo_0152d.TK1,odo_0152,3,dry,cons,,,,,,,,,,,,,,,,,,,,,,2,0,U,ok,1,no
odo_0152E.TK1,odo_0152,3,EtOH,cons,121,143,182,190,257,283,185,189,218,226,127,127,175,181,240,242,,196,198,240,240,1,10,U,ok,0,no
odo_0153.sw1,odo_0153,1,swab,cons,121,121,190,194,271,283,185,185,220,222,135,135,173,175,240,242,177,194,196,234,234,2,10,M,ok,1,yes
odo_0153d.TK1,odo_0153,1,dry,cons,,,,,,,,,,,,,,,,,,,,,,2,0,U,ok,1,yes
odo_0153E.TK1,odo_0153,1,EtOH,cons,121,121,190,194,271,283,185,185,220,222,135,135,173,175,240,242,177,194,196,234,234,2,10,M,ok,1,yes
odo_0154.sw1,odo_0154,2,swab,cons,121,121,190,194,271,283,185,185,220,222,135,135,173,175,,,177,194,196,234,234,2,9,M,ok,1,yes
odo_0154d.TK1,odo_0154,2,dry,cons,121,121,190,194,,,,,,,,,,,,,,,,,,2,2,U,ok,1,yes
odo_0154E.TK1,odo_0154,2,EtOH,cons,121,121,190,194,271,283,185,185,220,222,135,135,173,175,240,242,177,194,196,234,234,2,10,M,ok,1,yes
odo_0155.sw1,odo_0155,1,swab,cons,121,143,190,198,243,243,173,185,,,127,131,,,,,,198,198,,,2,6,U,ok,1,yes
odo_0155d.TK1,odo_0155,1,dry,cons,,,,,,,,,,,,,,,,,,,,,,2,0,U,ok,1,yes
odo_0155E.TK1,odo_0155,1,EtOH,cons,121,143,190,198,,,173,185,222,224,127,131,,,,,,198,198,228,232,2,7,F,ok,1,yes
odo_0156.sw1,odo_0156,3.5,swab,cons,130,143,182,182,257,279,189,193,218,226,127,135,173,183,240,240,,196,196,232,234,2,10,F,ok,1,yes
odo_0156d.TK1,odo_0156,3.5,dry,cons,130,143,182,182,257,279,189,193,218,226,127,135,173,173,240,240,,196,196,232,234,2,10,F,ok,1,yes
odo_0156E.TK1,odo_0156,3.5,EtOH,cons,130,143,182,182,257,279,189,193,218,226,127,135,,,240,240,,196,196,232,234,2,9,F,ok,1,yes
odo_0157.sw1,odo_0157,3,swab,cons,121,121,182,190,271,283,185,185,218,232,123,123,177,181,242,242,,198,200,238,238,2,10,U,ok,1,yes
odo_0157d.TK1,odo_0157,3,dry,cons,121,121,182,190,271,283,185,185,218,232,123,135,177,181,242,242,,198,200,238,246,2,10,F,ok,1,yes
odo_0157E.TK1,odo_0157,3,EtOH,cons,121,121,182,190,271,283,185,185,218,232,123,135,177,181,242,242,,198,200,238,246,2,10,F,ok,1,yes
odo_0158.sw1,odo_0158,3,swab,cons,121,121,182,190,271,283,185,185,218,232,123,135,177,181,242,242,,198,200,238,246,2,10,F,ok,1,yes
odo_0158d.TK1,odo_0158,3,dry,cons,121,121,182,190,,,,,,,,,,,,,,,,,,2,2,U,ok,1,yes
odo_0158E.TK1,odo_0158,3,EtOH,cons,121,121,182,190,271,283,185,185,218,232,123,135,177,181,242,242,,198,200,238,246,2,10,F,ok,1,yes
odo_0159.sw1,odo_0159,3.5,swab,cons,121,121,,,,,,,,,,,,,,,,,,,,2,1,U,ok,1,yes
odo_0159d.TK1,odo_0159,3.5,dry,cons,121,121,,,,,,,,,131,131,,,,,,,,,,2,2,U,ok,1,yes
odo_0159E.TK1,odo_0159,3.5,EtOH,cons,,,,,,,,,,,,,,,,,,,,,,2,0,U,ok,1,yes
odo_0160.sw1,odo_0160,2,swab,cons,143,143,190,198,279,285,189,193,220,236,127,135,177,183,240,240,,196,196,232,240,2,10,F,ok,1,yes
odo_0160d.TK1,odo_0160,2,dry,cons,143,143,190,198,279,285,189,193,220,236,127,135,177,183,242,242,,196,196,232,240,2,10,F,ok,1,yes
odo_0160E.TK1,odo_0160,2,EtOH,cons,143,143,190,198,279,285,189,193,220,236,127,135,177,183,242,242,,196,196,232,240,2,10,F,ok,1,yes
odo_0169.sw1,odo_0169,3.5,swab,cons,130,143,182,190,275,279,189,189,224,224,131,135,173,183,240,242,177,196,198,240,240,2,10,M,ok,1,yes
odo_0169d.TK1,odo_0169,3.5,dry,cons,130,143,182,190,275,279,189,189,222,224,131,135,173,183,240,242,177,196,198,240,240,2,10,M,ok,1,yes
odo_0169E.TK1,odo_0169,3.5,EtOH,cons,130,143,182,190,275,279,189,189,222,224,131,135,173,173,240,242,177,196,198,240,240,2,10,M,ok,1,yes
odo_0170.sw1,odo_0170,4,swab,cons,124,124,,,279,279,163,163,224,224,,,,,,,,,,230,230,3,5,U,ok,2,no
odo_0170d.TK1,odo_0170,4,dry,cons,124,124,,,,,,,,,,,,,,,,,,,,3,1,U,ok,2,no
odo_0171.sw1,odo_0171,3,swab,cons,121,121,190,194,269,271,189,189,220,240,127,129,173,173,242,242,,196,196,228,238,3,10,F,ok,2,yes
odo_0171d.TK1,odo_0171,3,dry,cons,121,143,182,190,257,283,185,189,232,232,135,135,181,181,240,242,,196,200,238,238,2,10,U,ok,1,yes
odo_0171E.TK1,odo_0171,3,EtOH,cons,121,143,182,190,257,283,185,189,232,232,135,135,181,181,240,242,,196,200,238,238,2,10,U,ok,1,yes
odo_0172.sw1,odo_0172,3,swab,cons,121,143,182,190,257,283,185,189,232,232,135,135,181,181,240,242,,196,200,238,238,3,10,U,ok,2,yes
odo_0172d.TK1,odo_0172,3,dry,cons,121,121,190,194,269,271,189,189,220,240,129,129,173,173,242,242,,196,196,228,238,3,10,F,ok,2,yes
odo_0172E.TK1,odo_0172,3,EtOH,cons,121,121,190,194,269,271,189,189,220,220,129,129,173,173,242,242,,196,196,228,238,2,10,F,ok,1,yes
odo_0173.sw1,odo_0173,,swab,cons,136,136,,,279,279,,,,,,,,,,,177,,,230,230,3,3,M,ok,2,yes
odo_0173d.TK1,odo_0173,,dry,cons,124,124,,,,,198,198,,,,,,,,,,200,200,,,3,3,U,ok,2,yes
odo_0173E.TK1,odo_0173,,EtOH,cons,124,124,,,,,196,196,,,,,,,,,,198,198,,,3,3,U,ok,2,yes
odo_0174.sw1,odo_0174,,swab,cons,121,143,190,198,269,279,182,189,220,220,143,143,181,181,242,242,,,,,,2,8,U,ok,1,yes
odo_0174d.TK1,odo_0174,,dry,cons,121,143,198,198,,,,,,,,,,,,,,198,200,,,2,3,U,ok,1,yes
odo_0174E.TK1,odo_0174,,EtOH,cons,,,,,,,,,,,,,,,,,,,,,,2,0,U,ok,1,yes
odo_0175.sw1,odo_0175,,swab,cons,143,143,182,182,279,279,,,234,234,135,135,,,,,,,,,,2,5,U,ok,1,yes
odo_0175d.TK1,odo_0175,,dry,cons,143,143,,,,,,,234,234,,,,,,,,,,,,2,2,U,ok,1,yes
odo_0175E.TK1,odo_0175,,EtOH,cons,,,,,,,,,,,,,,,,,,200,200,,,2,1,U,ok,1,yes
odo_0176.sw1,odo_0176,,swab,cons,,,,,279,279,182,182,,,,,,,,,,,,,,2,2,U,ok,1,yes
odo_0176d.TK1,odo_0176,,dry,cons,,,,,,,191,202,,,,,,,,,,,,,,2,1,U,ok,1,yes
odo_0176E.TK1,odo_0176,,EtOH,cons,,,,,,,,,,,,,,,,,,,,,,2,0,U,ok,1,yes
odo_0177.sw1,odo_0177,,swab,cons,143,143,182,190,269,285,193,193,218,218,135,135,177,177,242,242,,194,196,230,232,2,10,F,ok,1,yes
odo_0177d.TK1,odo_0177,,dry,cons,143,143,182,182,269,269,193,193,218,224,135,135,,,242,242,,196,196,,,2,8,U,ok,1,yes
odo_0177E.TK1,odo_0177,,EtOH,cons,143,143,182,182,269,285,193,193,218,218,135,135,177,177,242,242,,194,196,230,232,2,10,F,ok,1,yes
odo_0178.sw1,odo_0178,2.5,swab,cons,143,143,194,198,275,275,189,189,232,236,135,135,175,175,240,242,,196,196,234,234,2,10,U,ok,1,yes
odo_0178d.TK1,odo_0178,2.5,dry,cons,143,143,194,198,275,275,189,189,232,236,135,135,175,175,240,242,,196,196,234,234,2,10,U,ok,1,yes
odo_0178E.TK1,odo_0178,2.5,EtOH,cons,143,143,194,198,275,275,189,189,232,236,135,135,175,175,240,242,,196,196,234,234,2,10,U,ok,1,yes
odo_0192.sw1,odo_0192,1.5,swab,cons,130,143,190,194,253,271,189,198,218,226,135,135,175,177,240,242,177,196,196,234,234,2,10,M,ok,1,yes
odo_0192d.TK1,odo_0192,1.5,dry,cons,130,143,190,194,253,271,189,198,218,226,135,135,175,177,240,242,177,196,196,234,234,2,10,M,ok,1,yes
odo_0192E.TK1,odo_0192,1.5,EtOH,cons,,,,,,,,,,,,,,,,,,,,,,2,0,U,ok,1,yes
odo_0193.sw1,odo_0193,3,swab,cons,121,143,190,190,269,269,189,189,222,226,131,131,175,175,240,240,,196,198,232,238,2,10,F,ok,1,yes
odo_0193d.TK1,odo_0193,3,dry,cons,121,143,190,190,269,269,189,189,222,226,131,131,175,175,240,240,,196,198,232,238,2,10,F,ok,1,yes
odo_0193E.TK1,odo_0193,3,EtOH,cons,121,143,,,,,,,,,,,,,,,,,,,,2,1,U,ok,1,yes
odo_0194.sw1,odo_0194,3,swab,cons,121,143,194,194,,,177,185,,,,,,,,,177,196,200,,,2,4,M,ok,1,yes
odo_0194d.TK1,odo_0194,3,dry,cons,121,143,190,194,269,269,177,185,220,226,127,131,177,177,242,242,177,196,200,232,232,2,10,M,ok,1,yes
odo_0194E.TK1,odo_0194,3,EtOH,cons,121,143,190,194,269,269,177,185,220,226,127,131,177,177,242,242,177,196,200,232,232,2,10,M,ok,1,yes
odo_0195.sw1,odo_0195,1,swab,cons,121,143,190,190,269,269,173,189,222,226,131,131,175,175,240,240,,196,198,232,238,2,10,F,ok,1,yes
odo_0195d.TK1,odo_0195,1,dry,cons,121,143,190,190,269,269,189,189,222,226,131,131,175,175,240,240,,196,198,232,238,2,10,F,ok,1,yes
odo_0195E.TK1,odo_0195,1,EtOH,cons,121,143,190,190,269,269,173,189,222,226,131,131,175,175,240,240,,196,198,232,238,2,10,F,ok,1,yes
odo_0196.sw1,odo_0196,1,swab,cons,121,143,182,190,257,283,185,189,232,232,135,135,181,183,240,242,,196,200,236,238,2,10,F,ok,1,yes
odo_0196d.TK1,odo_0196,1,dry,cons,121,143,182,190,257,283,185,189,232,232,135,135,181,181,240,242,,196,200,238,238,2,10,U,ok,1,yes
odo_0196E.TK1,odo_0196,1,EtOH,cons,121,143,182,190,257,283,185,189,232,232,135,135,181,183,240,242,,196,200,238,238,2,10,U,ok,1,yes
odo_0197.sw1,odo_0197,3,swab,cons,121,143,182,190,279,279,193,198,220,226,127,135,173,173,240,242,177,196,196,234,234,2,10,M,ok,1,yes
odo_0197d.TK1,odo_0197,3,dry,cons,121,143,182,190,279,279,193,198,220,226,127,135,173,173,240,242,177,196,196,234,234,2,10,M,ok,1,yes
odo_0197E.TK1,odo_0197,3,EtOH,cons,121,143,182,190,279,279,193,198,220,226,127,135,173,179,240,242,177,196,196,234,234,2,10,M,ok,1,yes
odo_0198.sw1,odo_0198,2,swab,cons,130,143,182,182,257,279,189,193,218,226,127,135,173,183,240,240,,196,196,232,234,2,10,F,ok,1,yes
odo_0198d.TK1,odo_0198,2,dry,cons,,,,,,,,,,,,,,,,,,,,,,2,0,U,ok,1,yes
odo_0198E.TK1,odo_0198,2,EtOH,cons,130,143,182,182,,,,,,,,,,,,,,,,,,2,2,U,ok,1,yes
odo_0199.sw1,odo_0199,2,swab,cons,130,143,182,182,257,279,189,193,218,226,127,135,173,183,240,240,,196,196,232,234,2,10,F,ok,1,yes
odo_0199d.TK1,odo_0199,2,dry,cons,130,143,182,182,257,279,189,193,218,226,127,135,173,183,240,240,,196,196,232,234,2,10,F,ok,1,yes
odo_0199E.TK1,odo_0199,2,EtOH,cons,130,143,182,182,257,279,189,193,218,226,127,135,173,173,240,240,,196,196,232,234,2,10,F,ok,1,yes
odo_0200.sw1,odo_0200,2.5,swab,cons,121,121,198,198,271,271,189,193,218,220,129,129,175,177,240,242,,196,198,228,238,2,10,F,ok,1,yes
odo_0200d.TK1,odo_0200,2.5,dry,cons,121,121,198,198,269,271,189,193,218,220,129,129,175,177,240,242,,196,198,228,238,2,10,F,ok,1,yes
odo_0200E.TK1,odo_0200,2.5,EtOH,cons,121,121,198,198,,,189,193,218,220,129,129,175,177,240,242,177,196,198,228,228,2,9,M,ok,1,yes
odo_0201.sw1,odo_0201,3,swab,cons,143,143,190,198,279,285,189,193,220,236,127,135,177,183,242,242,,196,196,232,240,2,10,F,ok,1,yes
odo_0201d.TK1,odo_0201,3,dry,cons,143,143,190,198,279,285,189,193,220,236,127,135,177,183,242,242,,196,196,232,240,2,10,F,ok,1,yes
odo_0201E.TK1,odo_0201,3,EtOH,cons,143,143,190,198,279,285,189,193,220,236,127,135,177,183,242,242,,196,196,232,240,2,10,F,ok,1,yes
odo_0202.sw1,odo_0202,2.5,swab,cons,143,143,190,198,279,285,189,193,220,236,127,135,177,183,242,242,,196,196,232,240,2,10,F,ok,1,yes
odo_0202d.TK1,odo_0202,2.5,dry,cons,143,143,190,198,279,285,189,193,220,236,127,135,177,183,242,242,,196,196,232,240,2,10,F,ok,1,yes
odo_0202E.TK1,odo_0202,2.5,EtOH,cons,143,143,190,198,279,285,189,193,220,236,127,135,177,183,242,242,,196,196,232,240,2,10,F,ok,1,yes
odo_0203.sw1,odo_0203,3.5,swab,cons,143,143,190,198,,,189,189,234,234,127,127,,,242,242,,196,196,232,232,2,8,U,ok,1,yes
odo_0203d.TK1,odo_0203,3.5,dry,cons,143,143,190,198,279,285,189,193,220,236,127,135,177,183,242,242,,196,196,232,240,2,10,F,ok,1,yes
odo_0203E.TK1,odo_0203,3.5,EtOH,cons,143,143,,,,,,,,,,,,,,,,,,,,2,1,U,ok,1,yes
odo_0204.sw1,odo_0204,3,swab,cons,143,143,190,194,263,271,189,189,218,220,129,135,173,183,242,242,,196,196,234,240,2,10,F,ok,1,yes
odo_0204d.TK1,odo_0204,3,dry,cons,143,143,190,194,263,271,189,189,218,220,129,135,173,183,242,242,,196,196,234,240,2,10,F,ok,1,yes
odo_0204E.TK1,odo_0204,3,EtOH,cons,143,143,190,194,263,271,189,189,218,220,129,135,173,183,242,242,,196,196,234,240,2,10,F,ok,1,yes
odo_0205.sw1,odo_0205,1,swab,cons,121,143,190,194,279,283,189,189,228,232,135,135,183,183,240,242,,196,198,232,238,2,10,F,ok,1,yes
odo_0205d.TK1,odo_0205,1,dry,cons,121,143,190,194,279,283,189,189,228,232,135,135,183,183,240,242,,196,198,232,238,2,10,F,ok,1,yes
odo_0205E.TK1,odo_0205,1,EtOH,cons,121,143,190,194,,,189,189,,,,,183,183,,,,,,,,2,4,U,ok,1,yes
odo_0206.sw1,odo_0206,3,swab,cons,121,143,182,190,257,283,185,189,232,232,135,135,181,181,240,242,,196,200,238,238,2,10,U,ok,1,yes
odo_0206d.TK1,odo_0206,3,dry,cons,121,143,182,190,257,283,185,189,232,232,135,135,181,183,240,242,,196,200,238,238,2,10,U,ok,1,yes
odo_0206E.TK1,odo_0206,3,EtOH,cons,121,143,182,190,257,283,185,189,232,232,135,135,181,183,240,242,,196,200,238,238,2,10,U,ok,1,yes
odo_0207.sw1,odo_0207,3,swab,cons,130,143,182,182,257,279,189,193,218,226,127,135,173,173,240,240,,196,196,232,234,2,10,F,ok,1,yes
odo_0207d.TK1,odo_0207,3,dry,cons,130,143,182,182,257,279,189,193,218,226,127,135,173,183,240,240,,196,196,232,234,2,10,F,ok,1,yes
odo_0207E.TK1,odo_0207,3,EtOH,cons,130,143,182,182,257,279,189,193,218,226,127,135,173,183,240,240,,196,196,232,234,2,10,F,ok,1,yes
odo_0208.sw1,odo_0208,3,swab,cons,121,121,182,190,271,283,185,185,218,232,123,135,177,181,242,242,,198,200,238,246,2,10,F,ok,1,yes
odo_0208d.TK1,odo_0208,3,dry,cons,121,121,182,190,271,283,185,185,218,232,123,135,177,181,242,242,,198,200,238,246,2,10,F,ok,1,yes
odo_0208E.TK1,odo_0208,3,EtOH,cons,121,121,182,190,271,283,185,185,218,232,123,135,177,181,242,242,,198,200,238,246,2,10,F,ok,1,yes
odo_0209.sw1,odo_0209,3,swab,cons,143,143,190,190,249,257,193,202,220,232,131,135,177,177,242,242,,196,200,234,238,2,10,F,ok,1,yes
odo_0209d.TK1,odo_0209,3,dry,cons,143,143,190,190,249,257,193,202,220,232,131,135,177,177,240,242,,196,200,234,238,2,10,F,ok,1,yes
odo_0209E.TK1,odo_0209,3,EtOH,cons,143,143,190,190,249,257,193,202,220,232,131,135,177,177,240,242,,196,200,234,238,2,10,F,ok,1,yes
odo_0210.sw1,odo_0210,3,swab,cons,143,143,182,190,269,285,193,193,218,218,135,135,177,177,242,242,,194,196,230,232,2,10,F,ok,1,yes
odo_0210d.TK1,odo_0210,3,dry,cons,143,143,182,190,269,285,193,193,218,218,135,135,177,177,242,242,,196,196,230,232,2,10,F,ok,1,yes
odo_0210E.TK1,odo_0210,3,EtOH,cons,143,143,182,190,269,285,193,193,218,218,135,135,177,177,242,242,,194,196,230,232,2,10,F,ok,1,yes
odo_0211.sw1,odo_0211,2,swab,cons,121,121,190,194,275,279,193,193,218,228,135,139,158,168,240,242,,196,196,232,232,2,10,U,ok,1,yes
odo_0211d.TK1,odo_0211,2,dry,cons,121,121,190,194,275,279,193,193,218,228,135,139,158,168,240,242,,196,196,232,232,2,10,U,ok,1,yes
odo_0211E.TK1,odo_0211,2,EtOH,cons,121,121,190,194,275,279,193,193,218,228,135,139,158,168,240,242,,196,196,232,232,2,10,U,ok,1,yes
odo_0212.sw1,odo_0212,3,swab,cons,121,121,182,190,285,285,189,193,224,228,135,139,177,183,240,242,,196,198,230,230,2,10,U,ok,1,yes
odo_0212d.TK1,odo_0212,3,dry,cons,121,121,182,190,285,285,189,193,224,228,135,139,177,183,240,242,,196,198,230,230,2,10,U,ok,1,yes
odo_0212E.TK1,odo_0212,3,EtOH,cons,121,121,182,190,285,285,189,193,224,228,135,139,177,183,240,242,,196,198,230,230,2,10,U,ok,1,yes
odo_0213.sw1,odo_0213,3,swab,cons,121,121,190,194,275,279,193,193,218,228,135,139,158,168,240,242,,196,196,232,232,2,10,U,ok,1,yes
odo_0213d.TK1,odo_0213,3,dry,cons,121,121,190,194,275,279,193,193,218,228,135,139,158,168,240,242,,196,196,232,232,2,10,U,ok,1,yes
odo_0213E.TK1,odo_0213,3,EtOH,cons,121,121,190,194,275,279,193,193,218,228,135,139,158,168,240,242,,196,196,232,232,2,10,U,ok,1,yes
odo_0214.sw1,odo_0214,3.5,swab,cons,121,121,190,198,269,275,189,193,222,236,131,131,175,175,240,242,177,194,196,242,242,2,10,M,ok,1,yes
odo_0214d.TK1,odo_0214,3.5,dry,cons,121,121,190,198,269,275,189,193,222,236,131,131,175,175,240,242,177,194,196,242,242,2,10,M,ok,1,yes
odo_0214E.TK1,odo_0214,3.5,EtOH,cons,121,121,190,198,269,275,189,193,222,236,131,131,175,175,240,242,177,194,196,242,242,2,10,M,ok,1,yes
odo_0215.sw1,odo_0215,2.5,swab,cons,121,121,190,194,275,279,193,193,218,228,135,139,158,168,240,242,,196,196,232,232,2,10,U,ok,1,yes
odo_0215d.TK1,odo_0215,2.5,dry,cons,121,121,190,194,275,279,193,193,218,228,135,139,158,168,240,242,,196,196,232,232,2,10,U,ok,1,yes
odo_0215E.TK1,odo_0215,2.5,EtOH,cons,121,121,190,194,275,279,193,193,218,228,135,139,158,168,240,242,,196,196,232,232,2,10,U,ok,1,yes
odo_0216.sw1,odo_0216,3.5,swab,cons,121,121,190,194,269,283,189,193,216,224,135,135,175,175,242,242,,196,198,234,240,2,10,F,ok,1,yes
odo_0216d.TK1,odo_0216,3.5,dry,cons,121,121,190,194,269,283,189,193,216,224,135,135,175,175,242,242,,196,198,234,240,2,10,F,ok,1,yes
odo_0216E.TK1,odo_0216,3.5,EtOH,cons,121,121,190,194,269,283,189,193,216,224,135,135,175,175,242,242,,196,198,234,240,2,10,F,ok,1,yes
odo_0217.sw1,odo_0217,3,swab,cons,121,121,190,190,269,271,185,193,218,220,127,135,173,179,240,240,,196,196,234,234,2,10,U,ok,1,yes
odo_0217d.TK1,odo_0217,3,dry,cons,121,121,190,190,,,185,193,218,220,127,135,173,179,240,240,,196,196,234,234,2,9,U,ok,1,yes
odo_0217E.TK1,odo_0217,3,EtOH,cons,121,121,190,190,269,271,185,193,218,220,127,135,173,179,240,240,,196,196,234,234,2,10,U,ok,1,yes
odo_0218.sw1,odo_0218,3.5,swab,cons,121,121,182,194,263,279,189,198,218,218,135,143,175,175,242,242,177,196,196,234,234,2,10,M,ok,1,yes
odo_0218d.TK1,odo_0218,3.5,dry,cons,121,121,182,194,263,279,189,198,216,218,135,135,175,183,242,242,177,196,196,234,234,2,10,M,ok,1,yes
odo_0218E.TK1,odo_0218,3.5,EtOH,cons,121,121,182,194,263,279,189,198,218,218,135,135,175,183,242,242,177,196,196,234,234,2,10,M,ok,1,yes
odo_0219.sw1,odo_0219,3,swab,cons,143,143,190,190,269,269,189,193,220,224,131,131,168,168,240,242,,196,200,232,232,2,10,U,ok,1,yes
odo_0219d.TK1,odo_0219,3,dry,cons,143,143,190,190,269,269,189,193,220,224,131,143,168,168,240,242,,196,200,232,232,2,10,U,ok,1,yes
odo_0219E.TK1,odo_0219,3,EtOH,cons,143,143,190,190,269,269,189,193,220,224,131,131,168,168,240,242,,196,200,232,232,2,10,U,ok,1,yes
odo_0220.sw1,odo_0220,3,swab,cons,143,143,190,190,271,279,189,198,220,236,135,135,,,242,242,,194,198,228,238,2,9,F,ok,1,yes
odo_0220d.TK1,odo_0220,3,dry,cons,143,143,190,190,271,271,189,198,220,236,135,135,158,168,242,242,,194,198,228,238,2,10,F,ok,1,yes
odo_0220E.TK1,odo_0220,3,EtOH,cons,143,143,190,190,271,271,189,198,220,236,135,135,,,242,242,,194,198,228,238,2,9,F,ok,1,yes
odo_0221.sw1,odo_0221,3,swab,cons,121,143,182,190,275,285,185,198,220,236,131,135,175,177,242,242,,194,196,228,234,2,10,F,ok,1,yes
odo_0221d.TK1,odo_0221,3,dry,cons,121,143,182,190,275,285,185,198,220,236,131,135,175,177,242,242,,194,196,228,234,2,10,F,ok,1,yes
odo_0221E.TK1,odo_0221,3,EtOH,cons,121,143,182,190,275,285,185,198,220,236,131,135,175,177,242,242,,194,196,228,234,2,10,F,ok,1,yes
odo_0222.sw1,odo_0222,1,swab,cons,121,143,190,194,253,257,185,189,220,236,135,143,175,177,242,242,,196,196,232,238,2,10,F,ok,1,yes
odo_0222d.TK1,odo_0222,1,dry,cons,121,143,190,194,253,257,185,189,220,236,135,143,175,177,242,242,,196,196,232,238,2,10,F,ok,1,yes
odo_0222E.TK1,odo_0222,1,EtOH,cons,121,143,190,194,253,257,185,189,220,236,135,143,175,177,242,242,,196,196,232,238,2,10,F,ok,1,yes
odo_0223.sw1,odo_0223,3,swab,sexconflict,121,143,190,190,279,285,185,193,216,236,131,135,175,175,240,242,177,194,196,236,238,2,10,RECHECK,RECHECK,1,yes
odo_0223d.TK1,odo_0223,3,dry,cons,121,143,190,190,279,285,185,193,216,236,131,135,175,175,240,242,,194,196,236,238,2,10,F,ok,1,yes
odo_0223E.TK1,odo_0223,3,EtOH,cons,121,143,190,190,279,285,185,193,216,236,131,135,175,175,240,242,,194,196,236,238,2,10,F,ok,1,yes
odo_0224.sw1,odo_0224,3,swab,cons,121,121,190,194,271,283,182,189,218,224,135,139,173,173,240,242,,196,196,234,238,2,10,F,ok,1,yes
odo_0224d.TK1,odo_0224,3,dry,cons,121,121,190,194,271,283,182,189,218,224,135,139,173,173,240,242,,196,196,234,238,2,10,F,ok,1,yes
odo_0224E.TK1,odo_0224,3,EtOH,sexconflict,121,121,190,194,271,283,182,189,218,224,135,139,173,173,240,242,177,196,196,234,238,2,10,RECHECK,RECHECK,1,yes
odo_0225.sw1,odo_0225,3.5,swab,cons,121,121,182,190,279,285,185,193,218,220,131,131,175,175,240,240,177,194,200,228,228,2,10,M,ok,1,yes
odo_0225d.TK1,odo_0225,3.5,dry,cons,121,121,182,190,,,,,,,,,175,175,,,,,,,,2,3,U,ok,1,yes
odo_0225E.TK1,odo_0225,3.5,EtOH,cons,121,121,182,190,279,285,185,193,218,220,131,131,175,175,240,240,177,194,200,228,228,2,10,M,ok,1,yes
odo_0226.sw1,odo_0226,3,swab,cons,,,,,,,,,,,,,,,,,,,,,,2,0,U,ok,1,yes
odo_0226d.TK1,odo_0226,3,dry,cons,121,143,190,190,279,285,185,193,216,236,131,135,175,175,240,242,,194,196,236,238,2,10,F,ok,1,yes
odo_0226E.TK1,odo_0226,3,EtOH,cons,121,143,190,190,279,285,185,193,216,236,131,135,175,175,240,242,,194,196,236,238,2,10,F,ok,1,yes
odo_0227.sw1,odo_0227,3,swab,cons,121,121,190,190,285,285,185,193,218,232,131,135,177,183,240,242,,194,196,228,240,2,10,F,ok,1,yes
odo_0227d.TK1,odo_0227,3,dry,cons,,,,,,,,,,,,,,,,,,,,,,2,0,U,ok,1,yes
odo_0227E.TK1,odo_0227,3,EtOH,cons,,,,,,,,,,,,,,,,,,,,,,2,0,U,ok,1,yes
odo_0228.sw1,odo_0228,1,swab,cons,121,121,182,190,263,285,173,185,218,220,131,135,175,183,242,242,177,196,198,228,228,2,10,M,ok,1,yes
odo_0228d.TK1,odo_0228,1,dry,cons,121,121,182,190,263,285,173,173,218,220,,,175,175,242,242,177,196,196,228,228,2,9,M,ok,1,yes
odo_0228E.TK1,odo_0228,1,EtOH,cons,121,121,,,,,,,,,,,,,,,,,,,,2,1,U,ok,1,yes
odo_0229.sw1,odo_0229,2.5,swab,cons,121,143,190,198,269,279,189,189,218,220,135,135,173,181,242,242,,194,198,234,240,2,10,F,ok,1,yes
odo_0229d.TK1,odo_0229,2.5,dry,cons,121,143,190,198,269,279,189,189,218,220,135,135,173,181,,,,194,198,234,240,2,9,F,ok,1,yes
odo_0229E.TK1,odo_0229,2.5,EtOH,cons,121,143,190,198,,,189,189,,,135,135,173,173,242,242,,194,198,234,240,2,8,F,ok,1,yes
odo_0230.sw1,odo_0230,3,swab,cons,121,121,190,194,283,285,170,189,220,220,127,131,181,183,240,240,177,198,198,240,240,2,10,M,ok,1,yes
odo_0230d.TK1,odo_0230,3,dry,cons,121,121,190,194,283,285,170,189,220,220,127,131,181,183,240,240,177,198,198,240,240,2,10,M,ok,1,yes
odo_0230E.TK1,odo_0230,3,EtOH,cons,121,121,190,194,,,170,189,220,220,127,131,181,183,240,240,177,198,198,240,240,2,9,M,ok,1,yes
odo_0231.sw1,odo_0231,3,swab,cons,121,143,190,194,285,285,185,193,218,220,123,135,173,183,242,242,,196,196,228,244,2,10,F,ok,1,yes
odo_0231d.TK1,odo_0231,3,dry,cons,121,143,190,194,285,285,185,193,218,220,123,135,173,183,242,242,,196,196,228,244,2,10,F,ok,1,yes
odo_0231E.TK1,odo_0231,3,EtOH,cons,121,143,190,194,285,285,185,193,218,220,123,135,173,183,242,242,,196,196,228,244,2,10,F,ok,1,yes
odo_0232.sw1,odo_0232,1.5,swab,cons,143,143,194,198,275,275,189,189,224,232,135,135,168,168,240,240,,196,198,234,238,2,10,F,ok,1,yes
odo_0232d.TK1,odo_0232,1.5,dry,cons,,,,,,,,,,,,,,,,,,,,,,2,0,U,ok,1,yes
odo_0232E.TK1,odo_0232,1.5,EtOH,cons,143,143,194,198,,,189,189,,,135,135,,,240,240,,196,196,,,2,6,U,ok,1,yes
odo_0233.sw1,odo_0233,1,swab,cons,121,143,182,194,271,285,185,193,220,220,131,135,175,183,242,242,177,196,198,232,232,2,10,M,ok,1,yes
odo_0233d.TK1,odo_0233,1,dry,cons,121,143,182,194,,,,,,,,,,,,,,,,,,2,2,U,ok,1,yes
odo_0233E.TK1,odo_0233,1,EtOH,cons,121,143,182,194,271,285,185,193,220,220,131,135,175,183,242,242,177,196,198,232,232,2,10,M,ok,1,yes
odo_0234.sw1,odo_0234,3,swab,cons,121,143,190,190,275,279,189,193,228,232,127,139,175,175,240,242,177,196,200,230,230,2,10,M,ok,1,yes
odo_0234d.TK1,odo_0234,3,dry,cons,121,143,190,190,275,279,189,193,228,232,127,139,175,175,240,242,177,196,200,230,230,2,10,M,ok,1,yes
odo_0234E.TK1,odo_0234,3,EtOH,cons,121,143,190,190,275,279,189,193,228,232,127,139,175,175,240,242,177,196,200,230,230,2,10,M,ok,1,yes
odo_0235.sw1,odo_0235,1,swab,cons,121,143,190,198,253,283,185,193,220,228,127,135,173,175,240,242,,194,196,238,238,2,10,U,ok,1,yes
odo_0235d.TK1,odo_0235,1,dry,cons,121,143,190,198,253,253,185,193,220,228,127,135,173,175,240,242,,194,196,238,238,2,10,U,ok,1,yes
odo_0235E.TK1,odo_0235,1,EtOH,cons,121,143,190,198,253,283,185,193,220,228,127,135,173,175,240,242,,194,196,238,238,2,10,U,ok,1,yes
odo_0236.sw1,odo_0236,2,swab,cons,121,143,182,190,269,283,189,193,216,220,123,131,173,175,242,242,177,194,196,234,234,2,10,M,ok,1,yes
odo_0236d.TK1,odo_0236,2,dry,cons,,,,,,,,,,,,,,,,,,,,,,2,0,U,ok,1,yes
odo_0236E.TK1,odo_0236,2,EtOH,cons,,,,,,,,,,,,,,,,,,,,,,2,0,U,ok,1,yes
odo_0237.sw1,odo_0237,2,swab,cons,121,143,182,190,263,285,182,185,224,224,139,143,175,175,240,242,177,194,196,244,244,2,10,M,ok,1,yes
odo_0237d.TK1,odo_0237,2,dry,cons,,,,,,,,,,,,,,,,,,,,,,2,0,U,ok,1,yes
odo_0237E.TK1,odo_0237,2,EtOH,cons,,,,,,,,,,,,,,,,,,,,,,2,0,U,ok,1,yes
odo_0238.sw1,odo_0238,2,swab,cons,121,143,190,190,275,279,189,193,228,232,127,139,175,175,240,242,177,196,200,230,230,2,10,M,ok,1,yes
odo_0238d.TK1,odo_0238,2,dry,cons,,,,,,,,,,,,,,,,,,,,,,1,0,U,ok,0,yes
odo_0238E.TK1,odo_0238,2,EtOH,cons,,,,,,,,,,,,,,,,,,,,,,1,0,U,ok,0,yes
odo_0239.sw1,odo_0239,3,swab,cons,121,121,190,194,275,279,189,189,218,224,135,135,177,179,240,240,,194,196,234,236,2,10,F,ok,1,yes
odo_0239d.TK1,odo_0239,3,dry,cons,,,,,,,,,,,,,,,,,,,,,,1,0,U,ok,0,yes
odo_0239E.TK1,odo_0239,3,EtOH,cons,,,,,,,,,,,,,,,,,,,,,,1,0,U,ok,0,yes
odo_0240.sw1,odo_0240,3,swab,cons,121,143,190,190,269,271,185,189,222,228,131,135,173,173,240,242,,196,196,232,234,2,10,F,ok,1,yes
odo_0240d.TK1,odo_0240,3,dry,cons,,,,,,,,,,,,,,,,,,,,,,2,0,U,ok,1,yes
odo_0240E.TK1,odo_0240,3,EtOH,cons,,,,,,,,,,,,,,,,,,,,,,2,0,U,ok,1,yes
odo_0241.sw1,odo_0241,3,swab,cons,121,121,190,194,275,279,189,189,218,224,135,135,177,179,240,240,,194,196,234,236,2,10,F,ok,1,yes
odo_0241d.TK1,odo_0241,3,dry,cons,,,,,,,,,,,,,,,,,,,,,,2,0,U,ok,1,yes
odo_0241E.TK1,odo_0241,3,EtOH,cons,,,,,,,,,,,,,,,,,,,,,,2,0,U,ok,1,yes
odo_0242.sw1,odo_0242,2,swab,cons,121,121,182,190,271,283,185,185,218,232,123,135,177,181,242,242,,198,200,238,246,2,10,F,ok,1,yes
odo_0242d.TK1,odo_0242,2,dry,cons,,,,,,,,,,,,,,,,,,,,,,2,0,U,ok,1,yes
odo_0242E.TK1,odo_0242,2,EtOH,cons,,,,,,,,,,,,,,,,,,,,,,2,0,U,ok,1,yes
odo_0243.sw1,odo_0243,2.5,swab,cons,121,121,182,190,271,283,185,185,218,232,123,123,177,181,242,242,,198,200,238,246,2,10,F,ok,1,yes
odo_0243d.TK1,odo_0243,2.5,dry,cons,,,,,,,,,,,,,,,,,,,,,,2,0,U,ok,1,yes
odo_0243E.TK1,odo_0243,2.5,EtOH,cons,,,,,,,,,,,,,,,,,,,,,,2,0,U,ok,1,yes
odo_0244.sw1,odo_0244,3,swab,cons,121,143,182,190,257,283,185,189,232,232,135,135,181,183,240,242,,196,200,238,238,2,10,U,ok,1,yes
odo_0244d.TK1,odo_0244,3,dry,cons,,,,,,,,,,,,,,,,,,,,,,1,0,U,ok,0,yes
odo_0244E.TK1,odo_0244,3,EtOH,cons,,,,,,,,,,,,,,,,,,,,,,2,0,U,ok,1,yes
odo_0245.sw1,odo_0245,2,swab,cons,121,143,190,194,271,271,185,198,220,222,135,135,175,177,240,242,,194,196,228,232,2,10,F,ok,1,yes
odo_0245d.TK1,odo_0245,2,dry,cons,,,,,,,,,,,,,,,,,,,,,,1,0,U,ok,0,yes
odo_0245E.TK1,odo_0245,2,EtOH,cons,,,,,,,,,,,,,,,,,,,,,,2,0,U,ok,1,yes
odo_0246.sw1,odo_0246,3.5,swab,cons,143,143,190,190,257,271,185,185,236,240,131,135,175,175,240,242,,194,196,228,232,2,10,F,ok,1,yes
odo_0246d.TK1,odo_0246,3.5,dry,cons,,,,,,,,,,,,,,,,,,,,,,2,0,U,ok,1,yes
odo_0246E.TK1,odo_0246,3.5,EtOH,cons,,,,,,,,,,,,,,,,,,,,,,1,0,U,ok,0,yes
odo_0247.sw1,odo_0247,3.5,swab,cons,121,143,182,190,253,275,185,189,222,222,123,135,175,177,242,242,177,196,200,244,244,2,10,M,ok,1,yes
odo_0247d.TK1,odo_0247,3.5,dry,cons,,,,,,,,,,,,,,,,,,,,,,2,0,U,ok,1,yes
odo_0247E.TK1,odo_0247,3.5,EtOH,cons,,,,,,,,,,,,,,,,,,,,,,2,0,U,ok,1,yes
odo_0248.sw1,odo_0248,3.5,swab,cons,143,143,194,194,271,271,189,189,220,220,129,135,,,242,242,,196,196,230,230,2,9,U,ok,1,yes
odo_0248d.TK1,odo_0248,3.5,dry,cons,143,143,190,194,,,189,189,218,220,129,135,173,183,242,242,,196,196,230,230,2,9,U,ok,1,yes
odo_0248E.TK1,odo_0248,3.5,EtOH,cons,143,143,190,194,,,189,189,,,129,135,,,,,,196,196,,,2,5,U,ok,1,yes
odo_0249.sw1,odo_0249,3.5,swab,cons,121,121,182,182,271,271,193,193,228,228,129,129,,,242,242,177,196,196,230,230,2,9,M,ok,1,yes
odo_0249d.TK1,odo_0249,3.5,dry,cons,121,121,182,190,263,271,185,193,220,228,129,135,175,175,240,242,177,196,196,230,230,2,10,M,ok,1,yes
odo_0249E.TK1,odo_0249,3.5,EtOH,cons,121,121,182,190,,,185,193,,,129,135,,,,,177,196,196,230,230,2,6,M,ok,1,yes
odo_0250.sw1,odo_0250,3.5,swab,cons,143,143,190,198,279,285,189,193,220,236,127,135,177,183,242,242,,196,196,232,240,2,10,F,ok,1,yes
odo_0250d.TK1,odo_0250,3.5,dry,cons,,,,,,,,,,,,,,,,,,,,,,2,0,U,ok,1,yes
odo_0250E.TK1,odo_0250,3.5,EtOH,cons,143,143,190,198,279,285,189,193,220,236,127,135,177,183,242,242,,196,196,232,240,2,10,F,ok,1,yes
odo_0251.sw1,odo_0251,4,swab,cons,121,143,190,190,269,275,189,189,228,232,131,135,175,175,240,242,,194,198,232,232,2,10,U,ok,1,yes
odo_0251d.TK1,odo_0251,4,dry,cons,,,,,,,,,,,,,,,,,,,,,,2,0,U,ok,1,yes
odo_0251E.TK1,odo_0251,4,EtOH,cons,121,143,190,190,269,275,189,189,228,232,131,135,175,175,240,242,,194,198,232,232,2,10,U,ok,1,yes
odo_0252.sw1,odo_0252,3,swab,cons,143,143,182,182,263,275,182,193,218,222,127,135,173,173,240,242,177,194,196,232,232,2,10,M,ok,1,yes
odo_0252d.TK1,odo_0252,3,dry,cons,143,143,182,182,263,275,182,193,218,222,127,135,173,175,,,177,196,196,,,2,8,M,ok,1,yes
odo_0252E.TK1,odo_0252,3,EtOH,cons,143,143,182,182,,,182,193,,,127,135,173,175,,,177,196,196,,,2,6,M,ok,1,yes
odo_0253.sw1,odo_0253,3.5,swab,cons,121,121,190,194,253,271,170,189,224,224,129,129,173,173,242,242,,196,196,230,230,2,10,U,ok,1,yes
odo_0253d.TK1,odo_0253,3.5,dry,cons,121,121,190,194,,,189,189,220,240,127,129,173,173,242,242,,196,196,,,2,8,U,ok,1,yes
odo_0253E.TK1,odo_0253,3.5,EtOH,cons,121,121,190,194,,,189,189,,,127,129,,,,,,196,196,,,2,5,U,ok,1,yes
odo_0254.sw1,odo_0254,3.5,swab,cons,143,143,190,198,253,269,185,189,228,236,135,139,175,177,240,242,177,194,196,230,230,2,10,M,ok,1,no
odo_0254E.TK1,odo_0254,3.5,EtOH,cons,143,143,190,198,253,269,185,189,228,236,135,139,175,177,240,242,177,194,196,230,230,2,10,M,ok,1,no
odo_0255.sw1,odo_0255,3.5,swab,cons,121,121,182,190,257,269,189,193,218,230,135,135,175,177,242,242,,196,200,234,236,2,10,F,ok,1,yes
odo_0255d.TK1,odo_0255,3.5,dry,cons,121,121,182,190,257,269,189,193,218,228,135,135,175,177,242,242,,196,200,234,236,2,10,F,ok,1,yes
odo_0255E.TK1,odo_0255,3.5,EtOH,cons,,,182,190,257,263,,,,,,,,,242,242,,,,,,2,3,U,ok,1,yes
odo_0256.sw1,odo_0256,3,swab,cons,121,121,182,190,257,289,189,193,224,228,123,131,175,177,240,242,,196,200,234,244,2,10,F,ok,1,yes
odo_0256d.TK1,odo_0256,3,dry,cons,121,121,182,190,257,289,189,193,224,228,123,123,175,177,240,242,,196,200,234,244,2,10,F,ok,1,yes
odo_0256E.TK1,odo_0256,3,EtOH,cons,121,121,182,190,257,289,189,193,224,228,123,123,175,177,240,242,,196,200,234,244,2,10,F,ok,1,yes
odo_0257.sw1,odo_0257,3,swab,cons,121,121,182,190,271,283,185,185,218,232,123,135,177,181,242,242,,198,200,238,246,2,10,F,ok,1,yes
odo_0257d.TK1,odo_0257,3,dry,cons,121,121,182,190,271,283,185,185,218,232,123,123,177,181,242,242,,198,200,238,246,2,10,F,ok,1,yes
odo_0257E.TK1,odo_0257,3,EtOH,cons,121,121,182,190,271,283,185,185,218,232,123,123,177,181,242,242,,198,200,238,246,2,10,F,ok,1,yes
odo_0258.sw1,odo_0258,3,swab,cons,121,121,182,190,271,283,185,185,218,232,123,135,177,181,242,242,,198,200,238,246,2,10,F,ok,1,yes
odo_0258d.TK1,odo_0258,3,dry,cons,121,121,182,190,271,283,185,185,218,232,123,123,177,181,242,242,,198,200,238,246,2,10,F,ok,1,yes
odo_0258E.TK1,odo_0258,3,EtOH,cons,121,121,182,190,271,283,185,185,218,232,123,123,177,181,242,242,,198,200,238,246,2,10,F,ok,1,yes
odo_0259.sw1,odo_0259,3,swab,cons,121,121,182,190,271,283,185,185,218,232,123,135,177,181,242,242,,198,200,238,246,1,10,F,ok,0,yes
odo_0259d.TK1,odo_0259,3,dry,cons,121,121,182,190,271,283,185,185,218,232,123,123,177,181,242,242,,198,200,238,246,2,10,F,ok,1,yes
odo_0259E.TK1,odo_0259,3,EtOH,cons,121,121,182,190,271,283,185,185,218,232,123,123,177,181,242,242,,198,200,238,246,1,10,F,ok,0,yes
odo_0260.sw1,odo_0260,4,swab,cons,121,124,,,,,191,191,,,,,,,,,,196,196,,,1,3,U,ok,0,yes
odo_0260d.TK1,odo_0260,4,dry,cons,,,,,,,,,,,,,,,,,,,,,,1,0,U,ok,0,yes
odo_0260E.TK1,odo_0260,4,EtOH,cons,,,,,,,,,,,,,,,,,,,,,,1,0,U,ok,0,yes
odo_0261.sw1,odo_0261,3,swab,cons,121,143,190,190,253,289,185,189,224,236,135,139,183,183,240,242,,196,198,230,238,1,10,F,ok,0,yes
odo_0261d.TK1,odo_0261,3,dry,cons,,,,,,,,,,,,,,,,,,,,,,1,0,U,ok,0,yes
odo_0261E.TK1,odo_0261,3,EtOH,cons,,,,,,,,,,,,,,,,,,,,,,1,0,U,ok,0,yes