extraction_id,lab_id,cond,stor,consorconflict,1_TGLA94,2_TGLA94,1_SBTD06,2_SBTD06,1_SBTD04,2_SBTD04,1_SBTD07,2_SBTD07,1_ETH152,2_ETH152,1_SBTD05,2_SBTD05,1_CERVID1,2_CERVID1,1_ADCYC,2_ADCYC,SRY,1_BM6506,2_BM6506,1_CELB9,2_CELB9,runs_tot,n,sex,sexcheck,repcr_done,trip,qpcr_plate,cq,assay_conc,extracted_conc,working,perfect
odo_0124.sw1,odo_0124,3.5,swab,cons,121,143,190,194,271,285,177,193,220,220,123,131,173,175,240,242,NA,196,198,232,244,2,10,F,ok,1,yes,10,30.95784569,128.1955566,16.40903125,yes,yes
odo_0124d.TK1,odo_0124,3.5,dry,cons,121,121,NA,NA,NA,NA,NA,NA,NA,NA,NA,NA,NA,NA,NA,NA,NA,NA,NA,NA,NA,2,1,U,ok,1,yes,10,31.87212563,70.17204285,8.982021484,no,no
odo_0124E.TK1,odo_0124,3.5,EtOH,cons,121,143,NA,NA,NA,NA,NA,NA,NA,NA,NA,NA,NA,NA,NA,NA,NA,NA,NA,NA,NA,2,1,U,ok,1,yes,10,30.60094452,162.1938934,20.76081836,no,no
odo_0125.sw1,odo_0125,3,swab,cons,121,143,182,194,271,285,185,193,220,220,131,135,175,183,242,242,177,196,198,232,232,2,10,M,ok,1,yes,10,26.5640564,2320.476074,297.0209375,yes,yes
odo_0125d.TK1,odo_0125,3,dry,cons,121,143,182,194,271,285,NA,NA,NA,NA,NA,NA,175,175,242,242,177,196,198,232,232,2,7,M,ok,1,yes,10,32.73022842,39.85985565,5.102061523,no,no
odo_0125E.TK1,odo_0125,3,EtOH,cons,NA,NA,NA,NA,NA,NA,NA,NA,NA,NA,NA,NA,NA,NA,NA,NA,NA,NA,NA,NA,NA,2,0,U,ok,1,yes,10,31.44080162,93.24570465,11.9354502,no,no
odo_0126.sw1,odo_0126,3,swab,cons,143,143,190,194,257,271,182,185,218,222,123,127,175,175,240,242,177,196,198,240,240,1,10,M,ok,0,yes,10,29.91127205,255.5350037,32.70848047,yes,yes
odo_0126d.TK1,odo_0126,3,dry,cons,143,143,190,194,257,271,182,185,218,222,123,127,175,175,240,242,177,196,198,240,240,2,10,M,ok,1,yes,10,33.37805939,26.00739098,3.328946045,yes,yes
odo_0126E.TK1,odo_0126,3,EtOH,cons,143,143,190,194,NA,NA,NA,NA,NA,NA,123,123,NA,NA,NA,NA,NA,NA,NA,NA,NA,2,3,U,ok,1,yes,10,32.65158463,41.98046112,5.373499023,no,no
odo_0127.sw1,odo_0127,3,swab,cons,121,143,190,194,285,285,185,193,218,220,123,135,173,183,242,242,NA,196,196,228,244,1,10,F,ok,0,yes,10,32.03355789,63.08916855,8.075413574,yes,yes
odo_0127d.TK1,odo_0127,3,dry,cons,NA,NA,NA,NA,NA,NA,NA,NA,NA,NA,NA,NA,NA,NA,NA,NA,NA,NA,NA,NA,NA,2,0,U,ok,1,yes,10,Undetermined,NA,NA,no,no
odo_0127E.TK1,odo_0127,3,EtOH,cons,121,143,190,194,NA,NA,NA,NA,218,220,123,123,173,173,NA,NA,NA,NA,NA,228,228,2,6,U,ok,1,yes,10,32.15229034,58.34022903,7.467549316,no,no
odo_0128.sw1,odo_0128,3,swab,cons,121,143,190,194,285,285,185,193,218,220,123,135,173,183,242,242,NA,196,196,228,244,1,10,F,ok,0,yes,10,30.58842468,163.5378265,20.9328418,yes,yes
odo_0128d.TK1,odo_0128,3,dry,cons,121,143,190,194,285,285,185,193,218,220,123,123,173,173,242,242,NA,196,196,228,244,2,10,F,ok,1,yes,10,32.9719429,33.98959351,4.350667969,yes,yes
odo_0128E.TK1,odo_0128,3,EtOH,cons,121,143,190,194,285,285,185,193,218,220,123,123,173,183,242,242,NA,196,196,228,244,2,10,F,ok,1,yes,10,33.01903534,32.95079803,4.217702148,yes,yes
odo_0129.sw1,odo_0129,3,swab,cons,143,143,194,198,NA,NA,189,189,234,234,135,135,NA,NA,240,242,NA,196,196,230,234,1,8,F,ok,0,yes,10,32.96276855,34.19574356,4.377055176,yes,no
odo_0129d.TK1,odo_0129,3,dry,cons,121,143,NA,NA,NA,NA,NA,NA,NA,NA,135,135,NA,NA,NA,NA,NA,196,196,NA,NA,2,3,U,ok,1,yes,10,33.70836639,20.91932869,2.677674072,no,no
odo_0129E.TK1,odo_0129,3,EtOH,cons,NA,NA,NA,NA,NA,NA,NA,NA,NA,NA,NA,NA,NA,NA,NA,NA,NA,NA,NA,NA,NA,2,0,U,ok,1,yes,10,33.32016754,27.01892662,3.458422607,no,no
odo_0130.sw1,odo_0130,2.5,swab,cons,121,143,190,190,279,279,185,185,NA,NA,135,143,NA,NA,NA,NA,177,200,200,NA,NA,2,6,M,ok,1,yes,10,34.21252441,15.00495148,1.920633789,no,no
odo_0130d.TK1,odo_0130,2.5,dry,cons,NA,NA,NA,NA,NA,NA,NA,NA,NA,NA,NA,NA,NA,NA,NA,NA,NA,NA,NA,NA,NA,2,0,U,ok,1,yes,10,35.57068253,6.130098343,0.784652588,no,no
odo_0130E.TK1,odo_0130,2.5,EtOH,cons,NA,NA,NA,NA,279,279,NA,NA,NA,NA,NA,NA,NA,NA,NA,NA,NA,NA,NA,NA,NA,2,1,U,ok,1,yes,10,34.55154419,12.0002861,1.536036621,no,no
odo_0131.sw1,odo_0131,3,swab,cons,NA,NA,NA,NA,279,279,173,185,NA,NA,NA,NA,NA,NA,NA,NA,NA,NA,NA,226,240,2,3,F,ok,1,yes,10,32.12667084,59.33372498,7.594716797,no,no
odo_0131d.TK1,odo_0131,3,dry,cons,121,121,190,194,NA,NA,NA,NA,NA,NA,NA,NA,NA,NA,NA,NA,NA,NA,NA,NA,NA,2,2,U,ok,1,yes,10,32.41572189,49.0412941,6.277285645,no,no
odo_0131E.TK1,odo_0131,3,EtOH,cons,121,130,190,194,NA,NA,NA,NA,228,228,119,127,175,175,NA,NA,NA,196,196,NA,NA,2,6,U,ok,1,yes,10,34.69244003,10.93605614,1.399815186,no,no
odo_0132.sw1,odo_0132,2,swab,cons,143,143,182,194,NA,NA,189,193,216,220,135,135,173,173,240,240,177,196,200,228,228,1,9,M,ok,0,yes,10,31.90895844,68.48900604,8.766592773,yes,no
odo_0132d.TK1,odo_0132,2,dry,cons,143,143,182,194,269,271,189,193,216,220,135,135,173,177,240,240,177,196,200,228,228,2,10,M,ok,1,yes,10,35.19580841,7.848264217,1.00457782,yes,yes
odo_0132E.TK1,odo_0132,2,EtOH,cons,143,143,182,194,NA,NA,NA,NA,216,220,135,135,173,173,NA,NA,177,200,200,NA,NA,2,6,M,ok,1,yes,10,35.95269012,4.765619278,0.609999268,no,no
odo_0133.sw1,odo_0133,3.5,swab,cons,121,143,NA,NA,279,279,185,189,NA,NA,135,135,NA,NA,NA,NA,NA,NA,NA,236,236,2,5,U,ok,1,yes,10,33.98409653,17.44299889,2.232703857,no,no
odo_0133d.TK1,odo_0133,3.5,dry,cons,143,143,NA,NA,NA,NA,NA,NA,NA,NA,NA,NA,NA,NA,NA,NA,NA,NA,NA,NA,NA,2,1,U,ok,1,yes,10,36.15752792,4.163756847,0.532960876,no,no
odo_0133E.TK1,odo_0133,3.5,EtOH,cons,NA,NA,NA,NA,NA,NA,NA,NA,NA,NA,NA,NA,NA,NA,NA,NA,NA,NA,NA,NA,NA,2,0,U,ok,1,yes,10,35.34667969,7.105380058,0.909488647,no,no
odo_0134.sw1,odo_0134,2,swab,cons,121,121,190,194,253,257,189,193,222,222,127,135,173,173,240,240,NA,194,198,232,236,2,10,F,ok,1,yes,10,33.68411255,21.25642967,2.720822998,yes,yes
odo_0134d.TK1,odo_0134,2,dry,cons,121,121,190,194,253,257,189,193,222,222,127,135,173,173,240,240,NA,194,198,232,236,2,10,F,ok,1,yes,10,37.24428558,2.034255266,0.260384674,yes,yes
odo_0134E.TK1,odo_0134,2,EtOH,cons,121,121,190,194,253,257,189,193,222,222,127,135,NA,NA,240,240,NA,194,198,232,236,2,9,F,ok,1,yes,10,34.80850601,10.13065052,1.296723267,yes,no
odo_0135.sw1,odo_0135,3,swab,cons,143,143,182,194,269,271,189,193,216,220,135,135,173,177,240,240,177,196,200,228,228,3,10,M,ok,2,yes,10,34.95854187,9.176776886,1.174627441,yes,yes
odo_0135d.TK1,odo_0135,3,dry,cons,NA,NA,NA,NA,NA,NA,NA,NA,NA,NA,NA,NA,NA,NA,NA,NA,NA,NA,NA,NA,NA,2,0,U,ok,1,yes,10,31.41190338,95.03878021,12.16496387,no,no
odo_0135E.TK1,odo_0135,3,EtOH,cons,NA,NA,NA,NA,NA,NA,NA,NA,NA,NA,NA,NA,NA,NA,NA,NA,NA,NA,NA,NA,NA,3,0,U,ok,2,yes,10,33.74840546,20.37449074,2.607934814,no,no
odo_0136.sw1,odo_0136,3,swab,cons,121,143,190,194,271,275,189,189,216,224,131,139,173,177,240,242,NA,196,196,238,238,2,10,U,ok,1,yes,10,32.63359451,42.48120117,5.43759375,yes,yes
odo_0136d.TK1,odo_0136,3,dry,cons,121,143,190,194,271,275,189,189,216,224,131,139,173,177,240,242,NA,196,196,238,238,2,10,U,ok,1,yes,10,28.87779236,504.9864197,64.63826172,yes,yes
odo_0136E.TK1,odo_0136,3,EtOH,cons,121,143,190,194,271,275,189,189,216,224,131,139,173,177,240,242,NA,196,196,238,238,2,10,U,ok,1,yes,10,32.1778717,57.36481094,7.342695801,yes,yes
odo_0137.sw1,odo_0137,3,swab,cons,121,143,190,194,249,271,185,193,226,228,131,135,158,168,240,240,NA,200,200,234,238,2,10,F,ok,1,yes,10,34.19908905,15.13841534,1.937717163,yes,yes
odo_0137d.TK1,odo_0137,3,dry,cons,121,143,190,194,249,271,185,193,226,228,131,135,158,168,240,240,NA,200,200,234,238,2,10,F,ok,1,yes,10,29.04862595,451.2106018,57.75495703,yes,yes
odo_0137E.TK1,odo_0137,3,EtOH,cons,121,143,190,194,249,271,185,193,226,228,131,135,158,168,240,240,NA,200,200,234,238,2,10,F,ok,1,yes,10,34.09565353,16.20646858,2.074427979,yes,yes
odo_0138.sw1,odo_0138,3,swab,cons,121,143,190,194,271,275,189,189,216,224,131,139,173,173,240,242,NA,196,196,238,238,2,10,U,ok,1,yes,10,42.11515045,0.082061686,0.010503896,yes,yes
odo_0138d.TK1,odo_0138,3,dry,cons,121,143,190,194,271,275,189,189,216,224,131,139,173,177,240,242,NA,196,196,238,238,2,10,U,ok,1,yes,10,33.81125259,19.54776001,2.502113281,yes,yes
odo_0138E.TK1,odo_0138,3,EtOH,cons,121,143,190,194,271,275,189,189,216,224,131,139,173,177,240,242,NA,196,196,238,238,2,10,U,ok,1,yes,10,32.3133812,52.46341324,6.715316895,yes,yes
odo_0139.sw1,odo_0139,3,swab,cons,NA,NA,NA,NA,NA,NA,NA,NA,NA,NA,NA,NA,NA,NA,NA,NA,NA,NA,NA,NA,NA,2,0,U,ok,1,yes,11,37.04354726,1.764111757,0.225806305,no,no
odo_0139d.TK1,odo_0139,3,dry,cons,121,121,NA,NA,279,279,173,173,NA,NA,NA,NA,NA,NA,NA,NA,177,198,198,NA,NA,2,4,M,ok,1,yes,11,36.18348957,3.200868845,0.409711212,no,no
odo_0139E.TK1,odo_0139,3,EtOH,cons,NA,NA,NA,NA,NA,NA,NA,NA,NA,NA,NA,NA,NA,NA,NA,NA,NA,NA,NA,NA,NA,2,0,U,ok,1,yes,11,36.41028889,2.735502005,0.350144257,no,no
odo_0140.sw1,odo_0140,3.5,swab,cons,NA,NA,NA,NA,NA,NA,NA,NA,NA,NA,NA,NA,NA,NA,NA,NA,NA,NA,NA,NA,NA,2,0,U,ok,1,yes,11,35.86668208,3.986364365,0.510254639,no,no
odo_0140d.TK1,odo_0140,3.5,dry,cons,143,143,182,198,NA,NA,189,189,220,220,127,135,NA,NA,NA,NA,177,198,202,236,236,2,7,M,ok,1,yes,11,37.4167286,1.362251639,0.17436821,no,no
odo_0140E.TK1,odo_0140,3.5,EtOH,cons,121,143,182,198,269,279,185,189,220,222,135,135,175,175,NA,NA,177,198,202,236,236,2,9,M,ok,1,yes,11,36.09855144,3.394852161,0.434541077,yes,no
odo_0141.sw1,odo_0141,3.5,swab,cons,121,143,190,194,NA,NA,NA,NA,216,224,NA,NA,NA,NA,NA,NA,NA,196,196,NA,NA,2,4,U,ok,1,yes,11,36.19963122,3.165277481,0.405155518,no,no
odo_0141d.TK1,odo_0141,3.5,dry,cons,121,143,190,194,NA,NA,189,189,216,224,127,139,NA,NA,NA,NA,NA,196,196,234,238,2,7,F,ok,1,yes,11,38.40282434,0.688015103,0.088065933,no,no
odo_0141E.TK1,odo_0141,3.5,EtOH,cons,121,143,190,194,271,275,189,189,216,224,127,139,177,181,242,242,NA,196,196,234,238,2,10,F,ok,1,yes,11,36.69752371,2.241943359,0.28696875,yes,yes
odo_0142.sw1,odo_0142,2,swab,cons,NA,NA,NA,NA,NA,NA,NA,NA,NA,NA,NA,NA,NA,NA,NA,NA,NA,NA,NA,NA,NA,2,0,U,ok,1,yes,11,36.03055617,3.558579922,0.45549823,no,no
odo_0142d.TK1,odo_0142,2,dry,cons,143,143,190,194,271,275,185,189,224,226,131,135,175,181,240,242,NA,196,196,232,234,2,10,F,ok,1,yes,11,40.55690524,0.154724538,0.019804741,yes,yes
odo_0142E.TK1,odo_0142,2,EtOH,cons,143,143,190,194,NA,NA,185,189,NA,NA,131,135,NA,NA,NA,NA,NA,196,196,NA,NA,2,5,U,ok,1,yes,11,33.99264204,14.60049629,1.868863525,no,no
odo_0143.sw1,odo_0143,3,swab,cons,121,143,194,194,NA,NA,NA,NA,NA,NA,NA,NA,NA,NA,NA,NA,NA,NA,NA,NA,NA,2,2,U,ok,1,yes,11,34.00522282,14.47380733,1.852647338,no,no
odo_0143d.TK1,odo_0143,3,dry,cons,121,143,194,194,271,283,185,185,220,226,131,135,175,175,240,240,NA,196,200,232,238,2,10,F,ok,1,yes,11,36.56076969,2.464711189,0.315483032,yes,yes
odo_0143E.TK1,odo_0143,3,EtOH,cons,121,143,194,194,271,283,185,193,220,226,131,135,175,175,240,240,NA,196,200,232,238,2,10,F,ok,1,yes,11,35.668764,4.572135925,0.585233398,yes,yes
odo_0144.sw1,odo_0144,3.5,swab,cons,NA,NA,NA,NA,NA,NA,NA,NA,NA,NA,NA,NA,NA,NA,NA,NA,NA,NA,NA,NA,NA,2,0,U,ok,1,yes,11,36.07432642,3.452301979,0.441894653,no,no
odo_0144d.TK1,odo_0144,3.5,dry,cons,121,143,NA,NA,NA,NA,189,193,NA,NA,127,127,NA,NA,NA,NA,NA,NA,NA,NA,NA,2,3,U,ok,1,yes,11,40.61181975,0.14894934,0.019065516,no,no
odo_0144E.TK1,odo_0144,3.5,EtOH,cons,NA,NA,NA,NA,NA,NA,NA,NA,NA,NA,NA,NA,NA,NA,NA,NA,NA,NA,NA,NA,NA,2,0,U,ok,1,yes,11,38.4761713,0.65393126,0.083703201,no,no
odo_0145.sw1,odo_0145,2,swab,cons,121,143,194,194,257,275,189,193,222,226,135,139,177,183,240,242,NA,196,196,230,234,2,10,F,ok,1,yes,11,35.51416273,5.088968277,0.651387939,yes,yes
odo_0145d.TK1,odo_0145,2,dry,cons,121,143,194,194,257,275,189,193,222,226,135,139,177,183,240,242,NA,196,196,230,234,2,10,F,ok,1,yes,11,35.33596391,5.757573605,0.736969421,yes,yes
odo_0145E.TK1,odo_0145,2,EtOH,cons,121,143,194,194,257,257,189,193,222,226,135,139,177,177,240,242,NA,196,196,230,234,2,10,F,ok,1,yes,11,34.53341308,10.0387764,1.284963379,yes,yes
odo_0146.sw1,odo_0146,3,swab,cons,121,121,NA,NA,NA,NA,NA,NA,NA,NA,NA,NA,NA,NA,NA,NA,NA,NA,NA,NA,NA,2,1,U,ok,1,yes,11,36.1308742,3.319684505,0.424919617,no,no
odo_0146d.TK1,odo_0146,3,dry,cons,121,143,194,194,NA,NA,189,193,NA,NA,135,135,NA,NA,NA,NA,NA,196,196,NA,NA,2,5,U,ok,1,yes,11,36.41986323,2.717419386,0.347829681,no,no
odo_0146E.TK1,odo_0146,3,EtOH,cons,143,143,NA,NA,NA,NA,NA,NA,NA,NA,NA,NA,NA,NA,NA,NA,NA,200,200,NA,NA,2,2,U,ok,1,yes,11,37.95437335,0.938665867,0.120149231,no,no
odo_0147.sw1,odo_0147,3,swab,cons,143,143,NA,NA,NA,NA,185,189,NA,NA,127,127,NA,NA,NA,NA,NA,NA,NA,NA,NA,2,3,U,ok,1,yes,11,40.6810212,0.141977608,0.018173134,no,no
odo_0147d.TK1,odo_0147,3,dry,cons,NA,NA,NA,NA,NA,NA,NA,NA,NA,NA,NA,NA,NA,NA,NA,NA,NA,NA,NA,NA,NA,2,0,U,ok,1,yes,11,36.55198111,2.479762077,0.317409546,no,no
odo_0147E.TK1,odo_0147,3,EtOH,cons,121,121,190,194,257,271,189,193,NA,NA,135,135,NA,NA,240,242,NA,194,196,232,232,2,8,U,ok,1,yes,11,48.68762566,0.00055398,7.09094e-5,yes,no
odo_0148.sw1,odo_0148,3,swab,cons,143,143,190,194,NA,NA,185,189,NA,NA,131,135,NA,NA,NA,NA,NA,196,196,NA,NA,2,5,U,ok,1,yes,11,36.19760178,3.169730425,0.405725494,no,no
odo_0148d.TK1,odo_0148,3,dry,cons,143,143,190,194,271,275,185,189,224,226,131,135,NA,NA,NA,NA,NA,196,196,232,234,2,8,F,ok,1,yes,11,36.71841044,2.209739208,0.282846619,yes,no
odo_0148E.TK1,odo_0148,3,EtOH,cons,NA,NA,NA,NA,NA,NA,NA,NA,NA,NA,NA,NA,NA,NA,NA,NA,NA,NA,NA,NA,NA,2,0,U,ok,1,yes,11,36.21314361,3.135787964,0.401380859,no,no
odo_0150.sw1,odo_0150,3,swab,cons,121,121,NA,NA,NA,NA,173,173,NA,NA,143,143,NA,NA,NA,NA,NA,NA,NA,230,230,2,4,U,ok,1,yes,11,36.47394592,2.617497683,0.335039703,no,no
odo_0150d.TK1,odo_0150,3,dry,cons,121,121,NA,NA,NA,NA,182,182,NA,NA,NA,NA,NA,NA,NA,NA,NA,194,194,230,230,2,4,U,ok,1,yes,11,38.64039082,0.583616972,0.074702972,no,no
odo_0150E.TK1,odo_0150,3,EtOH,cons,121,121,NA,NA,NA,NA,NA,NA,NA,NA,123,143,NA,NA,NA,NA,NA,NA,NA,NA,NA,2,2,U,ok,1,yes,11,39.5798135,0.304445654,0.038969044,no,no
odo_0153.sw1,odo_0153,1,swab,cons,121,121,190,194,271,283,185,185,220,222,135,135,173,175,240,242,177,194,196,234,234,2,10,M,ok,1,yes,11,34.12161512,13.35263729,1.709137573,yes,yes
odo_0153d.TK1,odo_0153,1,dry,cons,NA,NA,NA,NA,NA,NA,NA,NA,NA,NA,NA,NA,NA,NA,NA,NA,NA,NA,NA,NA,NA,2,0,U,ok,1,yes,11,36.04014448,3.535022259,0.452482849,no,no
odo_0153E.TK1,odo_0153,1,EtOH,cons,121,121,190,194,271,283,185,185,220,222,135,135,173,175,240,242,177,194,196,234,234,2,10,M,ok,1,yes,11,31.7024458,71.34370422,9.13199414,yes,yes
odo_0154.sw1,odo_0154,2,swab,cons,121,121,190,194,271,283,185,185,220,222,135,135,173,175,NA,NA,177,194,196,234,234,2,9,M,ok,1,yes,11,36.49210894,2.584771156,0.330850708,yes,no
odo_0154d.TK1,odo_0154,2,dry,cons,121,121,190,194,NA,NA,NA,NA,NA,NA,NA,NA,NA,NA,NA,NA,NA,NA,NA,NA,NA,2,2,U,ok,1,yes,11,35.25938083,6.071261406,0.77712146,no,no
odo_0154E.TK1,odo_0154,2,EtOH,cons,121,121,190,194,271,283,185,185,220,222,135,135,173,175,240,242,177,194,196,234,234,2,10,M,ok,1,yes,11,32.404507,43.86780548,5.615079101,yes,yes
odo_0155.sw1,odo_0155,1,swab,cons,121,143,190,198,243,243,173,185,NA,NA,127,131,NA,NA,NA,NA,NA,198,198,NA,NA,2,6,U,ok,1,yes,13,37.60813141,1.119791746,0.143333343,no,no
odo_0155d.TK1,odo_0155,1,dry,cons,NA,NA,NA,NA,NA,NA,NA,NA,NA,NA,NA,NA,NA,NA,NA,NA,NA,NA,NA,NA,NA,2,0,U,ok,1,yes,13,34.9881134,6.753542423,0.86445343,no,no
odo_0155E.TK1,odo_0155,1,EtOH,cons,121,143,190,198,NA,NA,173,185,222,224,127,131,NA,NA,NA,NA,NA,198,198,228,232,2,7,F,ok,1,yes,13,fail,fail,NA,no,no
odo_0156.sw1,odo_0156,3.5,swab,cons,130,143,182,182,257,279,189,193,218,226,127,135,173,183,240,240,NA,196,196,232,234,2,10,F,ok,1,yes,13,36.29417419,3.348760128,0.428641296,yes,yes
odo_0156d.TK1,odo_0156,3.5,dry,cons,130,143,182,182,257,279,189,193,218,226,127,135,173,173,240,240,NA,196,196,232,234,2,10,F,ok,1,yes,13,32.50534058,37.31682205,4.776553222,yes,yes
odo_0156E.TK1,odo_0156,3.5,EtOH,cons,130,143,182,182,257,279,189,193,218,226,127,135,NA,NA,240,240,NA,196,196,232,234,2,9,F,ok,1,yes,13,33.78863144,15.38860512,1.969741455,yes,no
odo_0157.sw1,odo_0157,3,swab,cons,121,121,182,190,271,283,185,185,218,232,123,123,177,181,242,242,NA,198,200,238,238,2,10,U,ok,1,yes,13,36.1942482,4.380149841,0.56065918,yes,yes
odo_0157d.TK1,odo_0157,3,dry,cons,121,121,182,190,271,283,185,185,218,232,123,135,177,181,242,242,NA,198,200,238,246,2,10,F,ok,1,yes,13,33.38185883,20.35334015,2.605227539,yes,yes
odo_0157E.TK1,odo_0157,3,EtOH,cons,121,121,182,190,271,283,185,185,218,232,123,135,177,181,242,242,NA,198,200,238,246,2,10,F,ok,1,yes,13,33.59342194,17.61449623,2.254655517,yes,yes
odo_0158.sw1,odo_0158,3,swab,cons,121,121,182,190,271,283,185,185,218,232,123,135,177,181,242,242,NA,198,200,238,246,2,10,F,ok,1,yes,13,48.87342453,0.000553835,7.08909e-5,yes,yes
odo_0158d.TK1,odo_0158,3,dry,cons,121,121,182,190,NA,NA,NA,NA,NA,NA,NA,NA,NA,NA,NA,NA,NA,NA,NA,NA,NA,2,2,U,ok,1,yes,13,32.22655487,49.52033997,6.338603516,no,no
odo_0158E.TK1,odo_0158,3,EtOH,cons,121,121,182,190,271,283,185,185,218,232,123,135,177,181,242,242,NA,198,200,238,246,2,10,F,ok,1,yes,13,35.58575821,4.60389328,0.58929834,yes,yes
odo_0159.sw1,odo_0159,3.5,swab,cons,121,121,NA,NA,NA,NA,NA,NA,NA,NA,NA,NA,NA,NA,NA,NA,NA,NA,NA,NA,NA,2,1,U,ok,1,yes,13,fail,fail,NA,no,no
odo_0159d.TK1,odo_0159,3.5,dry,cons,121,121,NA,NA,NA,NA,NA,NA,NA,NA,131,131,NA,NA,NA,NA,NA,NA,NA,NA,NA,2,2,U,ok,1,yes,13,fail,fail,NA,no,no
odo_0159E.TK1,odo_0159,3.5,EtOH,cons,NA,NA,NA,NA,NA,NA,NA,NA,NA,NA,NA,NA,NA,NA,NA,NA,NA,NA,NA,NA,NA,2,0,U,ok,1,yes,13,fail,fail,NA,no,no
odo_0160.sw1,odo_0160,2,swab,cons,143,143,190,198,279,285,189,193,220,236,127,135,177,183,240,240,NA,196,196,232,240,2,10,F,ok,1,yes,13,35.5725174,4.545194626,0.581784912,yes,yes
odo_0160d.TK1,odo_0160,2,dry,cons,143,143,190,198,279,285,189,193,220,236,127,135,177,183,242,242,NA,196,196,232,240,2,10,F,ok,1,yes,13,36.62229156,2.201800346,0.281830444,yes,yes
odo_0160E.TK1,odo_0160,2,EtOH,cons,143,143,190,198,279,285,189,193,220,236,127,135,177,183,242,242,NA,196,196,232,240,2,10,F,ok,1,yes,13,33.66030884,17.06440163,2.184243409,yes,yes
odo_0169.sw1,odo_0169,3.5,swab,cons,130,143,182,190,275,279,189,189,224,224,131,135,173,183,240,242,177,196,198,240,240,2,10,M,ok,1,yes,14,38.06283188,0.938191235,0.120088478,yes,yes
odo_0169d.TK1,odo_0169,3.5,dry,cons,130,143,182,190,275,279,189,189,222,224,131,135,173,183,240,242,177,196,198,240,240,2,10,M,ok,1,yes,14,36.20397186,3.562548161,0.456006165,yes,yes
odo_0169E.TK1,odo_0169,3.5,EtOH,cons,130,143,182,190,275,279,189,189,222,224,131,135,173,173,240,242,177,196,198,240,240,2,10,M,ok,1,yes,14,31.13857269,122.2946548,15.65371581,yes,yes
odo_0171.sw1,odo_0171,3,swab,cons,121,121,190,194,269,271,189,189,220,240,127,129,173,173,242,242,NA,196,196,228,238,3,10,F,ok,2,yes,14,41.66201019,0.0992838,0.012708326,yes,yes
odo_0171d.TK1,odo_0171,3,dry,cons,121,143,182,190,257,283,185,189,232,232,135,135,181,181,240,242,NA,196,200,238,238,2,10,U,ok,1,yes,14,38.55626297,0.673803806,0.086246887,yes,yes
odo_0171E.TK1,odo_0171,3,EtOH,cons,121,143,182,190,257,283,185,189,232,232,135,135,181,181,240,242,NA,196,200,238,238,2,10,U,ok,1,yes,14,37.85896683,1.32088685,0.169073517,yes,yes
odo_0172.sw1,odo_0172,3,swab,cons,121,143,182,190,257,283,185,189,232,232,135,135,181,181,240,242,NA,196,200,238,238,3,10,U,ok,2,yes,14,38.83324432,0.548507452,0.070208954,yes,yes
odo_0172d.TK1,odo_0172,3,dry,cons,121,121,190,194,269,271,189,189,220,240,129,129,173,173,242,242,NA,196,196,228,238,3,10,F,ok,2,yes,14,35.88985825,4.471457481,0.572346558,yes,yes
odo_0172E.TK1,odo_0172,3,EtOH,cons,121,121,190,194,269,271,189,189,220,220,129,129,173,173,242,242,NA,196,196,228,238,2,10,F,ok,1,yes,14,37.75576782,1.164547443,0.149062073,yes,yes
odo_0173.sw1,odo_0173,NA,swab,cons,136,136,NA,NA,279,279,NA,NA,NA,NA,NA,NA,NA,NA,NA,NA,177,NA,NA,230,230,3,3,M,ok,2,yes,14,46.46302795,0.002853257,3.65217e-4,no,no
odo_0173d.TK1,odo_0173,NA,dry,cons,124,124,NA,NA,NA,NA,198,198,NA,NA,NA,NA,NA,NA,NA,NA,NA,200,200,NA,NA,3,3,U,ok,2,yes,14,41.59888458,0.078802645,0.010086739,no,no
odo_0173E.TK1,odo_0173,NA,EtOH,cons,124,124,NA,NA,NA,NA,196,196,NA,NA,NA,NA,NA,NA,NA,NA,NA,198,198,NA,NA,3,3,U,ok,2,yes,14,38.06616974,0.935991764,0.119806946,no,no
odo_0174.sw1,odo_0174,NA,swab,cons,121,143,190,198,269,279,182,189,220,220,143,143,181,181,242,242,NA,NA,NA,NA,NA,2,8,U,ok,1,yes,14,44.59461975,0.009496155,0.001215508,yes,no
odo_0174d.TK1,odo_0174,NA,dry,cons,121,143,198,198,NA,NA,NA,NA,NA,NA,NA,NA,NA,NA,NA,NA,NA,198,200,NA,NA,2,3,U,ok,1,yes,14,fail,fail,NA,no,no
odo_0174E.TK1,odo_0174,NA,EtOH,cons,NA,NA,NA,NA,NA,NA,NA,NA,NA,NA,NA,NA,NA,NA,NA,NA,NA,NA,NA,NA,NA,2,0,U,ok,1,yes,14,fail,fail,NA,no,no
odo_0175.sw1,odo_0175,NA,swab,cons,143,143,182,182,279,279,NA,NA,234,234,135,135,NA,NA,NA,NA,NA,NA,NA,NA,NA,2,5,U,ok,1,yes,14,34.26724243,13.56876564,1.736802002,no,no
odo_0175d.TK1,odo_0175,NA,dry,cons,143,143,NA,NA,NA,NA,NA,NA,234,234,NA,NA,NA,NA,NA,NA,NA,NA,NA,NA,NA,2,2,U,ok,1,yes,14,34.66040802,10.28651524,1.316673951,no,no
odo_0175E.TK1,odo_0175,NA,EtOH,cons,NA,NA,NA,NA,NA,NA,NA,NA,NA,NA,NA,NA,NA,NA,NA,NA,NA,200,200,NA,NA,2,1,U,ok,1,yes,14,35.7516098,5.776378632,0.739376465,no,no
odo_0176.sw1,odo_0176,NA,swab,cons,NA,NA,NA,NA,279,279,182,182,NA,NA,NA,NA,NA,NA,NA,NA,NA,NA,NA,NA,NA,2,2,U,ok,1,yes,14,33.63938141,21.7287426,2.781279053,no,no
odo_0176d.TK1,odo_0176,NA,dry,cons,NA,NA,NA,NA,NA,NA,191,202,NA,NA,NA,NA,NA,NA,NA,NA,NA,NA,NA,NA,NA,2,1,U,ok,1,yes,14,34.16629028,14.61113167,1.870224854,no,no
odo_0176E.TK1,odo_0176,NA,EtOH,cons,NA,NA,NA,NA,NA,NA,NA,NA,NA,NA,NA,NA,NA,NA,NA,NA,NA,NA,NA,NA,NA,2,0,U,ok,1,yes,14,34.39815521,13.90665245,1.780051514,no,no
odo_0177.sw1,odo_0177,NA,swab,cons,143,143,182,190,269,285,193,193,218,218,135,135,177,177,242,242,NA,194,196,230,232,2,10,F,ok,1,yes,14,30.60758018,177.5910339,22.73165234,yes,yes
odo_0177d.TK1,odo_0177,NA,dry,cons,143,143,182,182,269,269,193,193,218,224,135,135,NA,NA,242,242,NA,196,196,NA,NA,2,8,U,ok,1,yes,14,37.26018906,1.649721265,0.211164322,yes,no
odo_0177E.TK1,odo_0177,NA,EtOH,cons,143,143,182,182,269,285,193,193,218,218,135,135,177,177,242,242,NA,194,196,230,232,2,10,F,ok,1,yes,14,35.32214355,6.561568737,0.839880798,yes,yes
odo_0178.sw1,odo_0178,2.5,swab,cons,143,143,194,198,275,275,189,189,232,236,135,135,175,175,240,242,NA,196,196,234,234,2,10,U,ok,1,yes,14,42.68779373,0.045081258,0.005770401,yes,yes
odo_0178d.TK1,odo_0178,2.5,dry,cons,143,143,194,198,275,275,189,189,232,236,135,135,175,175,240,242,NA,196,196,234,234,2,10,U,ok,1,yes,14,39.03430176,0.476078272,0.060938019,yes,yes
odo_0178E.TK1,odo_0178,2.5,EtOH,cons,143,143,194,198,275,275,189,189,232,236,135,135,175,175,240,242,NA,196,196,234,234,2,10,U,ok,1,yes,14,36.30057526,3.375181437,0.432023224,yes,yes
odo_0192.sw1,odo_0192,1.5,swab,cons,130,143,190,194,253,271,189,198,218,226,135,135,175,177,240,242,177,196,196,234,234,2,10,M,ok,1,yes,15,31.98725128,133.7978363,17.12612305,yes,yes
odo_0192d.TK1,odo_0192,1.5,dry,cons,130,143,190,194,253,271,189,198,218,226,135,135,175,177,240,242,177,196,196,234,234,2,10,M,ok,1,yes,15,31.50608253,64.29251862,8.229442383,yes,yes
odo_0192E.TK1,odo_0192,1.5,EtOH,cons,NA,NA,NA,NA,NA,NA,NA,NA,NA,NA,NA,NA,NA,NA,NA,NA,NA,NA,NA,NA,NA,2,0,U,ok,1,yes,15,31.85814095,50.41667938,6.453334961,no,no
odo_0193.sw1,odo_0193,3,swab,cons,121,143,190,190,269,269,189,189,222,226,131,131,175,175,240,240,NA,196,198,232,238,2,10,F,ok,1,yes,15,29.94412231,324.0057068,41.47273047,yes,yes
odo_0193d.TK1,odo_0193,3,dry,cons,121,143,190,190,269,269,189,189,222,226,131,131,175,175,240,240,NA,196,198,232,238,2,10,F,ok,1,yes,15,32.74779892,27.45878601,3.514724609,yes,yes
odo_0193E.TK1,odo_0193,3,EtOH,cons,121,143,NA,NA,NA,NA,NA,NA,NA,NA,NA,NA,NA,NA,NA,NA,NA,NA,NA,NA,NA,2,1,U,ok,1,yes,15,31.04053879,88.46383667,11.32337109,no,no
odo_0194.sw1,odo_0194,3,swab,cons,121,143,194,194,NA,NA,177,185,NA,NA,NA,NA,NA,NA,NA,NA,177,196,200,NA,NA,2,4,M,ok,1,yes,15,33.52135849,17.59790421,2.252531739,no,no
odo_0194d.TK1,odo_0194,3,dry,cons,121,143,190,194,269,269,177,185,220,226,127,131,177,177,242,242,177,196,200,232,232,2,10,M,ok,1,yes,15,36.18048477,2.634244919,0.33718335,yes,yes
odo_0194E.TK1,odo_0194,3,EtOH,cons,121,143,190,194,269,269,177,185,220,226,127,131,177,177,242,242,177,196,200,232,232,2,10,M,ok,1,yes,15,31.26131058,171.7915039,21.9893125,yes,yes
odo_0195.sw1,odo_0195,1,swab,cons,121,143,190,190,269,269,173,189,222,226,131,131,175,175,240,240,NA,196,198,232,238,2,10,F,ok,1,yes,16,31.46375275,64.89151764,8.306114258,yes,yes
odo_0195d.TK1,odo_0195,1,dry,cons,121,143,190,190,269,269,189,189,222,226,131,131,175,175,240,240,NA,196,198,232,238,2,10,F,ok,1,yes,16,31.83468246,50.08189774,6.410482911,yes,yes
odo_0195E.TK1,odo_0195,1,EtOH,cons,121,143,190,190,269,269,173,189,222,226,131,131,175,175,240,240,NA,196,198,232,238,2,10,F,ok,1,yes,16,31.89230156,48.13225555,6.16092871,yes,yes
odo_0196.sw1,odo_0196,1,swab,cons,121,143,182,190,257,283,185,189,232,232,135,135,181,183,240,242,NA,196,200,236,238,2,10,F,ok,1,yes,16,29.94834137,186.4458008,23.8650625,yes,yes
odo_0196d.TK1,odo_0196,1,dry,cons,121,143,182,190,257,283,185,189,232,232,135,135,181,181,240,242,NA,196,200,238,238,2,10,U,ok,1,yes,16,29.07358932,342.9338989,43.89553906,yes,yes
odo_0196E.TK1,odo_0196,1,EtOH,cons,121,143,182,190,257,283,185,189,232,232,135,135,181,183,240,242,NA,196,200,238,238,2,10,U,ok,1,yes,16,30.50990486,126.0914001,16.13969921,yes,yes
odo_0197.sw1,odo_0197,3,swab,cons,121,143,182,190,279,279,193,198,220,226,127,135,173,173,240,242,177,196,196,234,234,2,10,M,ok,1,yes,16,31.5859375,61.19892883,7.83346289,yes,yes
odo_0197d.TK1,odo_0197,3,dry,cons,121,143,182,190,279,279,193,198,220,226,127,135,173,173,240,242,177,196,196,234,234,2,10,M,ok,1,yes,16,27.1892643,1257.092773,160.9078749,yes,yes
odo_0197E.TK1,odo_0197,3,EtOH,cons,121,143,182,190,279,279,193,198,220,226,127,135,173,179,240,242,177,196,196,234,234,2,10,M,ok,1,yes,16,28.99351883,363.1689453,46.485625,yes,yes
odo_0198.sw1,odo_0198,2,swab,cons,130,143,182,182,257,279,189,193,218,226,127,135,173,183,240,240,NA,196,196,232,234,2,10,F,ok,1,yes,16,32.00273895,44.88877106,5.745762696,yes,yes
odo_0198d.TK1,odo_0198,2,dry,cons,NA,NA,NA,NA,NA,NA,NA,NA,NA,NA,NA,NA,NA,NA,NA,NA,NA,NA,NA,NA,NA,2,0,U,ok,1,yes,16,31.38482094,69.92818451,8.950807617,no,no
odo_0198E.TK1,odo_0198,2,EtOH,cons,130,143,182,182,NA,NA,NA,NA,NA,NA,NA,NA,NA,NA,NA,NA,NA,NA,NA,NA,NA,2,2,U,ok,1,yes,16,29.75510025,214.3022766,27.4306914,no,no
odo_0199.sw1,odo_0199,2,swab,cons,130,143,182,182,257,279,189,193,218,226,127,135,173,183,240,240,NA,196,196,232,234,2,10,F,ok,1,yes,16,32.68290329,30.74732971,3.935658203,yes,yes
odo_0199d.TK1,odo_0199,2,dry,cons,130,143,182,182,257,279,189,193,218,226,127,135,173,183,240,240,NA,196,196,232,234,2,10,F,ok,1,yes,16,29.7056427,235.5248108,30.14717578,yes,yes
odo_0199E.TK1,odo_0199,2,EtOH,cons,130,143,182,182,257,279,189,193,218,226,127,135,173,173,240,240,NA,196,196,232,234,2,10,F,ok,1,yes,16,31.76746368,53.60611725,6.861583008,yes,yes
odo_0200.sw1,odo_0200,2.5,swab,cons,121,121,198,198,271,271,189,193,218,220,129,129,175,177,240,242,NA,196,198,228,238,2,10,F,ok,1,yes,16,33.36031342,17.40496063,2.227834961,yes,yes
odo_0200d.TK1,odo_0200,2.5,dry,cons,121,121,198,198,269,271,189,193,218,220,129,129,175,177,240,242,NA,196,198,228,238,2,10,F,ok,1,yes,16,29.97177124,182.0448303,23.30173828,yes,yes
odo_0200E.TK1,odo_0200,2.5,EtOH,cons,121,121,198,198,NA,NA,189,193,218,220,129,129,175,177,240,242,177,196,198,228,228,2,9,M,ok,1,yes,16,31.95780563,46.21665573,5.915731933,yes,no
odo_0201.sw1,odo_0201,3,swab,cons,143,143,190,198,279,285,189,193,220,236,127,135,177,183,242,242,NA,196,196,232,240,2,10,F,ok,1,yes,16,33.76850128,13.19626331,1.689121704,yes,yes
odo_0201d.TK1,odo_0201,3,dry,cons,143,143,190,198,279,285,189,193,220,236,127,135,177,183,242,242,NA,196,196,232,240,2,10,F,ok,1,yes,16,30.59607315,120.5658417,15.43242774,yes,yes
odo_0201E.TK1,odo_0201,3,EtOH,cons,143,143,190,198,279,285,189,193,220,236,127,135,177,183,242,242,NA,196,196,232,240,2,10,F,ok,1,yes,16,31.47370529,64.38275909,8.240993164,yes,yes
odo_0202.sw1,odo_0202,2.5,swab,cons,143,143,190,198,279,285,189,193,220,236,127,135,177,183,242,242,NA,196,196,232,240,2,10,F,ok,1,yes,16,34.66975784,7.03867054,0.900949829,yes,yes
odo_0202d.TK1,odo_0202,2.5,dry,cons,143,143,190,198,279,285,189,193,220,236,127,135,177,183,242,242,NA,196,196,232,240,2,10,F,ok,1,yes,16,32.57439423,30.03691864,3.844725586,yes,yes
odo_0202E.TK1,odo_0202,2.5,EtOH,cons,143,143,190,198,279,285,189,193,220,236,127,135,177,183,242,242,NA,196,196,232,240,2,10,F,ok,1,yes,16,32.97542191,22.72569656,2.90888916,yes,yes
odo_0203.sw1,odo_0203,3.5,swab,cons,143,143,190,198,NA,NA,189,189,234,234,127,127,NA,NA,242,242,NA,196,196,232,232,2,8,U,ok,1,yes,16,35.72533798,3.381064415,0.432776245,yes,no
odo_0203d.TK1,odo_0203,3.5,dry,cons,143,143,190,198,279,285,189,193,220,236,127,135,177,183,242,242,NA,196,196,232,240,2,10,F,ok,1,yes,16,32.01467133,44.272995,5.66694336,yes,yes
odo_0203E.TK1,odo_0203,3.5,EtOH,cons,143,143,NA,NA,NA,NA,NA,NA,NA,NA,NA,NA,NA,NA,NA,NA,NA,NA,NA,NA,NA,2,1,U,ok,1,yes,16,32.83345795,25.1715641,3.221960205,no,no
odo_0204.sw1,odo_0204,3,swab,cons,143,143,190,194,263,271,189,189,218,220,129,135,173,183,242,242,NA,196,196,234,240,2,10,F,ok,1,yes,16,33.30886459,18.5558033,2.375142822,yes,yes
odo_0204d.TK1,odo_0204,3,dry,cons,143,143,190,194,263,271,189,189,218,220,129,135,173,183,242,242,NA,196,196,234,240,2,10,F,ok,1,yes,16,32.38397598,34.23069,4.38152832,yes,yes
odo_0204E.TK1,odo_0204,3,EtOH,cons,143,143,190,194,263,271,189,189,218,220,129,135,173,183,242,242,NA,196,196,234,240,2,10,F,ok,1,yes,16,31.99350357,45.16530228,5.781158692,yes,yes
odo_0205.sw1,odo_0205,1,swab,cons,121,143,190,194,279,283,189,189,228,232,135,135,183,183,240,242,NA,196,198,232,238,2,10,F,ok,1,yes,16,30.96095467,92.78089905,11.87595508,yes,yes
odo_0205d.TK1,odo_0205,1,dry,cons,121,143,190,194,279,283,189,189,228,232,135,135,183,183,240,242,NA,196,198,232,238,2,10,F,ok,1,yes,16,30.36698151,138.4907074,17.72681055,yes,yes
odo_0205E.TK1,odo_0205,1,EtOH,cons,121,143,190,194,NA,NA,189,189,NA,NA,NA,NA,183,183,NA,NA,NA,NA,NA,NA,NA,2,4,U,ok,1,yes,16,29.64621162,228.5364227,29.25266211,no,no
odo_0206.sw1,odo_0206,3,swab,cons,121,143,182,190,257,283,185,189,232,232,135,135,181,181,240,242,NA,196,200,238,238,2,10,U,ok,1,yes,16,34.21222687,9.970636368,1.276241455,yes,yes
odo_0206d.TK1,odo_0206,3,dry,cons,121,143,182,190,257,283,185,189,232,232,135,135,181,183,240,242,NA,196,200,238,238,2,10,U,ok,1,yes,16,28.07445526,682.5164795,87.36210938,yes,yes
odo_0206E.TK1,odo_0206,3,EtOH,cons,121,143,182,190,257,283,185,189,232,232,135,135,181,183,240,242,NA,196,200,238,238,2,10,U,ok,1,yes,16,32.1581192,40.0868454,5.131116211,yes,yes
odo_0207.sw1,odo_0207,3,swab,cons,130,143,182,182,257,279,189,193,218,226,127,135,173,173,240,240,NA,196,196,232,234,2,10,F,ok,1,yes,16,33.66944504,14.04858589,1.798218994,yes,yes
odo_0207d.TK1,odo_0207,3,dry,cons,130,143,182,182,257,279,189,193,218,226,127,135,173,183,240,240,NA,196,196,232,234,2,10,F,ok,1,yes,16,31.26195526,75.9487381,9.721438477,yes,yes
odo_0207E.TK1,odo_0207,3,EtOH,cons,130,143,182,182,257,279,189,193,218,226,127,135,173,183,240,240,NA,196,196,232,234,2,10,F,ok,1,yes,16,31.82135773,50.67435455,6.486317382,yes,yes
odo_0208.sw1,odo_0208,3,swab,cons,121,121,182,190,271,283,185,185,218,232,123,135,177,181,242,242,NA,198,200,238,246,2,10,F,ok,1,yes,17,27.92545509,778.6682129,99.66953125,yes,yes
odo_0208d.TK1,odo_0208,3,dry,cons,121,121,182,190,271,283,185,185,218,232,123,135,177,181,242,242,NA,198,200,238,246,2,10,F,ok,1,yes,17,32.36853409,36.02246475,4.610875488,yes,yes
odo_0208E.TK1,odo_0208,3,EtOH,cons,121,121,182,190,271,283,185,185,218,232,123,135,177,181,242,242,NA,198,200,238,246,2,10,F,ok,1,yes,17,31.87049103,65.74913025,8.415888672,yes,yes
odo_0209.sw1,odo_0209,3,swab,cons,143,143,190,190,249,257,193,202,220,232,131,135,177,177,242,242,NA,196,200,234,238,2,10,F,ok,1,yes,17,33.74587631,13.89298534,1.778302124,yes,yes
odo_0209d.TK1,odo_0209,3,dry,cons,143,143,190,190,249,257,193,202,220,232,131,135,177,177,240,242,NA,196,200,234,238,2,10,F,ok,1,yes,17,29.23478317,361.3792114,46.25653906,yes,yes
odo_0209E.TK1,odo_0209,3,EtOH,cons,143,143,190,190,249,257,193,202,220,232,131,135,177,177,240,242,NA,196,200,234,238,2,10,F,ok,1,yes,17,31.99089813,47.39162827,6.066128419,yes,yes
odo_0210.sw1,odo_0210,3,swab,cons,143,143,182,190,269,285,193,193,218,218,135,135,177,177,242,242,NA,194,196,230,232,2,10,F,ok,1,yes,17,30.71090317,113.3848114,14.51325586,yes,yes
odo_0210d.TK1,odo_0210,3,dry,cons,143,143,182,190,269,285,193,193,218,218,135,135,177,177,242,242,NA,196,196,230,232,2,10,F,ok,1,yes,17,30.09138489,178.241333,22.81489062,yes,yes
odo_0210E.TK1,odo_0210,3,EtOH,cons,143,143,182,190,269,285,193,193,218,218,135,135,177,177,242,242,NA,194,196,230,232,2,10,F,ok,1,yes,17,33.42534637,17.44370651,2.232794433,yes,yes
odo_0211.sw1,odo_0211,2,swab,cons,121,121,190,194,275,279,193,193,218,228,135,139,158,168,240,242,NA,196,196,232,232,2,10,U,ok,1,yes,17,26.93210983,4485.0625,574.088,yes,yes
odo_0211d.TK1,odo_0211,2,dry,cons,121,121,190,194,275,279,193,193,218,228,135,139,158,168,240,242,NA,196,196,232,232,2,10,U,ok,1,yes,17,28.59104538,502.7192993,64.34807031,yes,yes
odo_0211E.TK1,odo_0211,2,EtOH,cons,121,121,190,194,275,279,193,193,218,228,135,139,158,168,240,242,NA,196,196,232,232,2,10,U,ok,1,yes,17,29.88139725,209.4213562,26.80593359,yes,yes
odo_0212.sw1,odo_0212,3,swab,cons,121,121,182,190,285,285,189,193,224,228,135,139,177,183,240,242,NA,196,198,230,230,2,10,U,ok,1,yes,17,30.82390976,254.2941742,32.5496543,yes,yes
odo_0212d.TK1,odo_0212,3,dry,cons,121,121,182,190,285,285,189,193,224,228,135,139,177,183,240,242,NA,196,198,230,230,2,10,U,ok,1,yes,17,29.25540543,316.6399231,40.52991016,yes,yes
odo_0212E.TK1,odo_0212,3,EtOH,cons,121,121,182,190,285,285,189,193,224,228,135,139,177,183,240,242,NA,196,198,230,230,2,10,U,ok,1,yes,17,31.51509857,70.99314117,9.08712207,yes,yes
odo_0213.sw1,odo_0213,3,swab,cons,121,121,190,194,275,279,193,193,218,228,135,139,158,168,240,242,NA,196,196,232,232,2,10,U,ok,1,yes,17,31.12388802,299.5646667,38.34427734,yes,yes
odo_0213d.TK1,odo_0213,3,dry,cons,121,121,190,194,275,279,193,193,218,228,135,139,158,168,240,242,NA,196,196,232,232,2,10,U,ok,1,yes,17,26.85927582,1657.641724,212.1781407,yes,yes
odo_0213E.TK1,odo_0213,3,EtOH,cons,121,121,190,194,275,279,193,193,218,228,135,139,158,168,240,242,NA,196,196,232,232,2,10,U,ok,1,yes,17,29.2346859,423.9764709,54.26898828,yes,yes
odo_0214.sw1,odo_0214,3.5,swab,cons,121,121,190,198,269,275,189,193,222,236,131,131,175,175,240,242,177,194,196,242,242,2,10,M,ok,1,yes,17,33.79808807,84.38246155,10.80095508,yes,yes
odo_0214d.TK1,odo_0214,3.5,dry,cons,121,121,190,198,269,275,189,193,222,236,131,131,175,175,240,242,177,194,196,242,242,2,10,M,ok,1,yes,17,31.52191734,69.42658234,8.88660254,yes,yes
odo_0214E.TK1,odo_0214,3.5,EtOH,cons,121,121,190,198,269,275,189,193,222,236,131,131,175,175,240,242,177,194,196,242,242,2,10,M,ok,1,yes,17,32.59984589,42.32707977,5.417866211,yes,yes
odo_0215.sw1,odo_0215,2.5,swab,cons,121,121,190,194,275,279,193,193,218,228,135,139,158,168,240,242,NA,196,196,232,232,2,10,U,ok,1,yes,17,32.87628937,27.08756256,3.467208008,yes,yes
odo_0215d.TK1,odo_0215,2.5,dry,cons,121,121,190,194,275,279,193,193,218,228,135,139,158,168,240,242,NA,196,196,232,232,2,10,U,ok,1,yes,17,26.4622879,2340.19751,299.5452813,yes,yes
odo_0215E.TK1,odo_0215,2.5,EtOH,cons,121,121,190,194,275,279,193,193,218,228,135,139,158,168,240,242,NA,196,196,232,232,2,10,U,ok,1,yes,17,29.46634293,268.7447205,34.39932422,yes,yes
odo_0216.sw1,odo_0216,3.5,swab,cons,121,121,190,194,269,283,189,193,216,224,135,135,175,175,242,242,NA,196,198,234,240,2,10,F,ok,1,yes,17,32.38744354,35.60529327,4.557477539,yes,yes
odo_0216d.TK1,odo_0216,3.5,dry,cons,121,121,190,194,269,283,189,193,216,224,135,135,175,175,242,242,NA,196,198,234,240,2,10,F,ok,1,yes,17,30.00061035,228.2340546,29.21395899,yes,yes
odo_0216E.TK1,odo_0216,3.5,EtOH,cons,121,121,190,194,269,283,189,193,216,224,135,135,175,175,242,242,NA,196,198,234,240,2,10,F,ok,1,yes,17,30.94999313,97.73672485,12.51030078,yes,yes
odo_0217.sw1,odo_0217,3,swab,cons,121,121,190,190,269,271,185,193,218,220,127,135,173,179,240,240,NA,196,196,234,234,2,10,U,ok,1,yes,17,35.93803406,3.092660427,0.395860535,yes,yes
odo_0217d.TK1,odo_0217,3,dry,cons,121,121,190,190,NA,NA,185,193,218,220,127,135,173,179,240,240,NA,196,196,234,234,2,9,U,ok,1,yes,17,28.66771698,485.5981445,62.1565625,yes,no
odo_0217E.TK1,odo_0217,3,EtOH,cons,121,121,190,190,269,271,185,193,218,220,127,135,173,179,240,240,NA,196,196,234,234,2,10,U,ok,1,yes,17,33.88300323,12.63572884,1.617373292,yes,yes
odo_0218.sw1,odo_0218,3.5,swab,cons,121,121,182,194,263,279,189,198,218,218,135,143,175,175,242,242,177,196,196,234,234,2,10,M,ok,1,yes,17,34.01495361,16.09010124,2.059532959,yes,yes
odo_0218d.TK1,odo_0218,3.5,dry,cons,121,121,182,194,263,279,189,198,216,218,135,135,175,183,242,242,177,196,196,234,234,2,10,M,ok,1,yes,17,32.19258499,47.70627594,6.10640332,yes,yes
odo_0218E.TK1,odo_0218,3.5,EtOH,cons,121,121,182,194,263,279,189,198,218,218,135,135,175,183,242,242,177,196,196,234,234,2,10,M,ok,1,yes,17,36.75974274,1.799287796,0.230308838,yes,yes
odo_0219.sw1,odo_0219,3,swab,cons,143,143,190,190,269,269,189,193,220,224,131,131,168,168,240,242,NA,196,200,232,232,2,10,U,ok,1,yes,17,31.03111649,105.6257401,13.52009473,yes,yes
odo_0219d.TK1,odo_0219,3,dry,cons,143,143,190,190,269,269,189,193,220,224,131,143,168,168,240,242,NA,196,200,232,232,2,10,U,ok,1,yes,17,29.87132072,202.6656799,25.94120703,yes,yes
odo_0219E.TK1,odo_0219,3,EtOH,cons,143,143,190,190,269,269,189,193,220,224,131,131,168,168,240,242,NA,196,200,232,232,2,10,U,ok,1,yes,17,33.33361435,19.82152557,2.537155273,yes,yes
odo_0220.sw1,odo_0220,3,swab,cons,143,143,190,190,271,279,189,198,220,236,135,135,NA,NA,242,242,NA,194,198,228,238,2,9,F,ok,1,yes,17,32.87154388,25.43667984,3.25589502,yes,no
odo_0220d.TK1,odo_0220,3,dry,cons,143,143,190,190,271,271,189,198,220,236,135,135,158,168,242,242,NA,194,198,228,238,2,10,F,ok,1,yes,17,31.72635841,56.16868591,7.189591796,yes,yes
odo_0220E.TK1,odo_0220,3,EtOH,cons,143,143,190,190,271,271,189,198,220,236,135,135,NA,NA,242,242,NA,194,198,228,238,2,9,F,ok,1,yes,17,32.99308014,23.94351578,3.06477002,yes,no
odo_0221.sw1,odo_0221,3,swab,cons,121,143,182,190,275,285,185,198,220,236,131,135,175,177,242,242,NA,194,196,228,234,2,10,F,ok,1,yes,18,27.00721169,25.21804428,3.227909668,yes,yes
odo_0221d.TK1,odo_0221,3,dry,cons,121,143,182,190,275,285,185,198,220,236,131,135,175,177,242,242,NA,194,196,228,234,2,10,F,ok,1,yes,18,26.37102509,39.27272034,5.026908204,yes,yes
odo_0221E.TK1,odo_0221,3,EtOH,cons,121,143,182,190,275,285,185,198,220,236,131,135,175,177,242,242,NA,194,196,228,234,2,10,F,ok,1,yes,18,27.97081375,12.99363613,1.663185425,yes,yes
odo_0222.sw1,odo_0222,1,swab,cons,121,143,190,194,253,257,185,189,220,236,135,143,175,177,242,242,NA,196,196,232,238,2,10,F,ok,1,yes,18,25.8689537,55.21048737,7.066942383,yes,yes
odo_0222d.TK1,odo_0222,1,dry,cons,121,143,190,194,253,257,185,189,220,236,135,143,175,177,242,242,NA,196,196,232,238,2,10,F,ok,1,yes,18,25.84109116,56.74136353,7.262894532,yes,yes
odo_0222E.TK1,odo_0222,1,EtOH,cons,121,143,190,194,253,257,185,189,220,236,135,143,175,177,242,242,NA,196,196,232,238,2,10,F,ok,1,yes,18,25.52205086,70.18719482,8.983960937,yes,yes
odo_0223.sw1,odo_0223,3,swab,sexconflict,121,143,190,190,279,285,185,193,216,236,131,135,175,175,240,242,177,194,196,236,238,2,10,RECHECK,RECHECK,1,yes,18,29.72247314,3.899421692,0.499125977,yes,yes
odo_0223d.TK1,odo_0223,3,dry,cons,121,143,190,190,279,285,185,193,216,236,131,135,175,175,240,242,NA,194,196,236,238,2,10,F,ok,1,yes,18,25.68325996,63.61219788,8.142361329,yes,yes
odo_0223E.TK1,odo_0223,3,EtOH,cons,121,143,190,190,279,285,185,193,216,236,131,135,175,175,240,242,NA,194,196,236,238,2,10,F,ok,1,yes,18,25.48856354,72.00427246,9.216546875,yes,yes
odo_0224.sw1,odo_0224,3,swab,cons,121,121,190,194,271,283,182,189,218,224,135,139,173,173,240,242,NA,196,196,234,238,2,10,F,ok,1,yes,18,28.12930679,11.64819527,1.490968995,yes,yes
odo_0224d.TK1,odo_0224,3,dry,cons,121,121,190,194,271,283,182,189,218,224,135,139,173,173,240,242,NA,196,196,234,238,2,10,F,ok,1,yes,18,24.8835144,108.9307098,13.94313085,yes,yes
odo_0224E.TK1,odo_0224,3,EtOH,sexconflict,121,121,190,194,271,283,182,189,218,224,135,139,173,173,240,242,177,196,196,234,238,2,10,RECHECK,RECHECK,1,yes,18,25.89279556,54.58518219,6.98690332,yes,yes
odo_0225.sw1,odo_0225,3.5,swab,cons,121,121,182,190,279,285,185,193,218,220,131,131,175,175,240,240,177,194,200,228,228,2,10,M,ok,1,yes,18,29.34763336,5.033460617,0.644282959,yes,yes
odo_0225d.TK1,odo_0225,3.5,dry,cons,121,121,182,190,NA,NA,NA,NA,NA,NA,NA,NA,175,175,NA,NA,NA,NA,NA,NA,NA,2,3,U,ok,1,yes,18,25.6986084,62.37543488,7.984055665,no,no
odo_0225E.TK1,odo_0225,3.5,EtOH,cons,121,121,182,190,279,285,185,193,218,220,131,131,175,175,240,240,177,194,200,228,228,2,10,M,ok,1,yes,18,26.18155479,44.69924545,5.721503418,yes,yes
odo_0226.sw1,odo_0226,3,swab,cons,NA,NA,NA,NA,NA,NA,NA,NA,NA,NA,NA,NA,NA,NA,NA,NA,NA,NA,NA,NA,NA,2,0,U,ok,1,yes,18,29.24838257,5.421281338,0.693924011,no,no
odo_0226d.TK1,odo_0226,3,dry,cons,121,143,190,190,279,285,185,193,216,236,131,135,175,175,240,242,NA,194,196,236,238,2,10,F,ok,1,yes,18,25.51039886,70.96631622,9.083688476,yes,yes
odo_0226E.TK1,odo_0226,3,EtOH,cons,121,143,190,190,279,285,185,193,216,236,131,135,175,175,240,242,NA,194,196,236,238,2,10,F,ok,1,yes,18,26.09501648,47.36610413,6.062861329,yes,yes
odo_0227.sw1,odo_0227,3,swab,cons,121,121,190,190,285,285,185,193,218,232,131,135,177,183,240,242,NA,194,196,228,240,2,10,F,ok,1,yes,NA,NA,NA,NA,yes,yes
odo_0227d.TK1,odo_0227,3,dry,cons,NA,NA,NA,NA,NA,NA,NA,NA,NA,NA,NA,NA,NA,NA,NA,NA,NA,NA,NA,NA,NA,2,0,U,ok,1,yes,NA,NA,NA,NA,no,no
odo_0227E.TK1,odo_0227,3,EtOH,cons,NA,NA,NA,NA,NA,NA,NA,NA,NA,NA,NA,NA,NA,NA,NA,NA,NA,NA,NA,NA,NA,2,0,U,ok,1,yes,NA,NA,NA,NA,no,no
odo_0228.sw1,odo_0228,1,swab,cons,121,121,182,190,263,285,173,185,218,220,131,135,175,183,242,242,177,196,198,228,228,2,10,M,ok,1,yes,18,26.32672119,40.27745056,5.155513672,yes,yes
odo_0228d.TK1,odo_0228,1,dry,cons,121,121,182,190,263,285,173,173,218,220,NA,NA,175,175,242,242,177,196,196,228,228,2,9,M,ok,1,yes,18,28.29429626,10.66951466,1.365697876,yes,no
odo_0228E.TK1,odo_0228,1,EtOH,cons,121,121,NA,NA,NA,NA,NA,NA,NA,NA,NA,NA,NA,NA,NA,NA,NA,NA,NA,NA,NA,2,1,U,ok,1,yes,18,28.19904327,11.09854794,1.420614136,no,no
odo_0229.sw1,odo_0229,2.5,swab,cons,121,143,190,198,269,279,189,189,218,220,135,135,173,181,242,242,NA,194,198,234,240,2,10,F,ok,1,yes,18,28.27560425,10.55076981,1.350498536,yes,yes
odo_0229d.TK1,odo_0229,2.5,dry,cons,121,143,190,198,269,279,189,189,218,220,135,135,173,181,NA,NA,NA,194,198,234,240,2,9,F,ok,1,yes,18,25.41412544,75.51802063,9.666306641,yes,no
odo_0229E.TK1,odo_0229,2.5,EtOH,cons,121,143,190,198,NA,NA,189,189,NA,NA,135,135,173,173,242,242,NA,194,198,234,240,2,8,F,ok,1,yes,18,26.5807991,33.81369781,4.32815332,yes,no
odo_0230.sw1,odo_0230,3,swab,cons,121,121,190,194,283,285,170,189,220,220,127,131,181,183,240,240,177,198,198,240,240,2,10,M,ok,1,yes,18,26.14850998,46.01739502,5.890226563,yes,yes
odo_0230d.TK1,odo_0230,3,dry,cons,121,121,190,194,283,285,170,189,220,220,127,131,181,183,240,240,177,198,198,240,240,2,10,M,ok,1,yes,18,25.38293839,77.17617798,9.878550781,yes,yes
odo_0230E.TK1,odo_0230,3,EtOH,cons,121,121,190,194,NA,NA,170,189,220,220,127,131,181,183,240,240,177,198,198,240,240,2,9,M,ok,1,yes,18,25.49115753,71.63072205,9.168732422,yes,no
odo_0231.sw1,odo_0231,3,swab,cons,121,143,190,194,285,285,185,193,218,220,123,135,173,183,242,242,NA,196,196,228,244,2,10,F,ok,1,yes,18,27.8721714,13.89259338,1.778251953,yes,yes
odo_0231d.TK1,odo_0231,3,dry,cons,121,143,190,194,285,285,185,193,218,220,123,135,173,183,242,242,NA,196,196,228,244,2,10,F,ok,1,yes,18,22.92443848,419.6016846,53.70901563,yes,yes
odo_0231E.TK1,odo_0231,3,EtOH,cons,121,143,190,194,285,285,185,193,218,220,123,135,173,183,242,242,NA,196,196,228,244,2,10,F,ok,1,yes,18,23.83712769,223.8438263,28.65200977,yes,yes
odo_0232.sw1,odo_0232,1.5,swab,cons,143,143,194,198,275,275,189,189,224,232,135,135,168,168,240,240,NA,196,198,234,238,2,10,F,ok,1,yes,18,27.02044678,24.98370361,3.197914062,yes,yes
odo_0232d.TK1,odo_0232,1.5,dry,cons,NA,NA,NA,NA,NA,NA,NA,NA,NA,NA,NA,NA,NA,NA,NA,NA,NA,NA,NA,NA,NA,2,0,U,ok,1,yes,18,27.2500515,21.53971481,2.757083496,no,no
odo_0232E.TK1,odo_0232,1.5,EtOH,cons,143,143,194,198,NA,NA,189,189,NA,NA,135,135,NA,NA,240,240,NA,196,196,NA,NA,2,6,U,ok,1,yes,18,26.97276688,25.89025879,3.313953125,no,no
odo_0233.sw1,odo_0233,1,swab,cons,121,143,182,194,271,285,185,193,220,220,131,135,175,183,242,242,177,196,198,232,232,2,10,M,ok,1,yes,18,25.9189949,53.47773743,6.845150391,yes,yes
odo_0233d.TK1,odo_0233,1,dry,cons,121,143,182,194,NA,NA,NA,NA,NA,NA,NA,NA,NA,NA,NA,NA,NA,NA,NA,NA,NA,2,2,U,ok,1,yes,18,27.09233856,24.00638199,3.072816895,no,no
odo_0233E.TK1,odo_0233,1,EtOH,cons,121,143,182,194,271,285,185,193,220,220,131,135,175,183,242,242,177,196,198,232,232,2,10,M,ok,1,yes,18,24.24656677,169.1299438,21.64863281,yes,yes
odo_0234.sw1,odo_0234,3,swab,cons,121,143,190,190,275,279,189,193,228,232,127,139,175,175,240,242,177,196,200,230,230,2,10,M,ok,1,yes,18,28.93022537,6.974282265,0.89270813,yes,yes
odo_0234d.TK1,odo_0234,3,dry,cons,121,143,190,190,275,279,189,193,228,232,127,139,175,175,240,242,177,196,200,230,230,2,10,M,ok,1,yes,18,24.32123756,160.3221741,20.52123828,yes,yes
odo_0234E.TK1,odo_0234,3,EtOH,cons,121,143,190,190,275,279,189,193,228,232,127,139,175,175,240,242,177,196,200,230,230,2,10,M,ok,1,yes,18,25.00527191,100.0891876,12.81141601,yes,yes
odo_0235.sw1,odo_0235,1,swab,cons,121,143,190,198,253,283,185,193,220,228,127,135,173,175,240,242,NA,194,196,238,238,2,10,U,ok,1,yes,19,32.82341766,27.60647202,3.533628419,yes,yes
odo_0235d.TK1,odo_0235,1,dry,cons,121,143,190,198,253,253,185,193,220,228,127,135,173,175,240,242,NA,194,196,238,238,2,10,U,ok,1,yes,19,33.6639328,15.60027504,1.996835205,yes,yes
odo_0235E.TK1,odo_0235,1,EtOH,cons,121,143,190,198,253,283,185,193,220,228,127,135,173,175,240,242,NA,194,196,238,238,2,10,U,ok,1,yes,19,33.30871582,19.75047684,2.528061036,yes,yes
odo_0236.sw1,odo_0236,2,swab,cons,121,143,182,190,269,283,189,193,216,220,123,131,173,175,242,242,177,194,196,234,234,2,10,M,ok,1,yes,NA,NA,NA,NA,yes,yes
odo_0236d.TK1,odo_0236,2,dry,cons,NA,NA,NA,NA,NA,NA,NA,NA,NA,NA,NA,NA,NA,NA,NA,NA,NA,NA,NA,NA,NA,2,0,U,ok,1,yes,NA,NA,NA,NA,no,no
odo_0236E.TK1,odo_0236,2,EtOH,cons,NA,NA,NA,NA,NA,NA,NA,NA,NA,NA,NA,NA,NA,NA,NA,NA,NA,NA,NA,NA,NA,2,0,U,ok,1,yes,NA,NA,NA,NA,no,no
odo_0237.sw1,odo_0237,2,swab,cons,121,143,182,190,263,285,182,185,224,224,139,143,175,175,240,242,177,194,196,244,244,2,10,M,ok,1,yes,NA,NA,NA,NA,yes,yes
odo_0237d.TK1,odo_0237,2,dry,cons,NA,NA,NA,NA,NA,NA,NA,NA,NA,NA,NA,NA,NA,NA,NA,NA,NA,NA,NA,NA,NA,2,0,U,ok,1,yes,NA,NA,NA,NA,no,no
odo_0237E.TK1,odo_0237,2,EtOH,cons,NA,NA,NA,NA,NA,NA,NA,NA,NA,NA,NA,NA,NA,NA,NA,NA,NA,NA,NA,NA,NA,2,0,U,ok,1,yes,NA,NA,NA,NA,no,no
odo_0238.sw1,odo_0238,2,swab,cons,121,143,190,190,275,279,189,193,228,232,127,139,175,175,240,242,177,196,200,230,230,2,10,M,ok,1,yes,NA,NA,NA,NA,yes,yes
odo_0238d.TK1,odo_0238,2,dry,cons,NA,NA,NA,NA,NA,NA,NA,NA,NA,NA,NA,NA,NA,NA,NA,NA,NA,NA,NA,NA,NA,1,0,U,ok,0,yes,NA,NA,NA,NA,no,no
odo_0238E.TK1,odo_0238,2,EtOH,cons,NA,NA,NA,NA,NA,NA,NA,NA,NA,NA,NA,NA,NA,NA,NA,NA,NA,NA,NA,NA,NA,1,0,U,ok,0,yes,NA,NA,NA,NA,no,no
odo_0239.sw1,odo_0239,3,swab,cons,121,121,190,194,275,279,189,189,218,224,135,135,177,179,240,240,NA,194,196,234,236,2,10,F,ok,1,yes,NA,NA,NA,NA,yes,yes
odo_0239d.TK1,odo_0239,3,dry,cons,NA,NA,NA,NA,NA,NA,NA,NA,NA,NA,NA,NA,NA,NA,NA,NA,NA,NA,NA,NA,NA,1,0,U,ok,0,yes,NA,NA,NA,NA,no,no
odo_0239E.TK1,odo_0239,3,EtOH,cons,NA,NA,NA,NA,NA,NA,NA,NA,NA,NA,NA,NA,NA,NA,NA,NA,NA,NA,NA,NA,NA,1,0,U,ok,0,yes,NA,NA,NA,NA,no,no
odo_0240.sw1,odo_0240,3,swab,cons,121,143,190,190,269,271,185,189,222,228,131,135,173,173,240,242,NA,196,196,232,234,2,10,F,ok,1,yes,NA,NA,NA,NA,yes,yes
odo_0240d.TK1,odo_0240,3,dry,cons,NA,NA,NA,NA,NA,NA,NA,NA,NA,NA,NA,NA,NA,NA,NA,NA,NA,NA,NA,NA,NA,2,0,U,ok,1,yes,NA,NA,NA,NA,no,no
odo_0240E.TK1,odo_0240,3,EtOH,cons,NA,NA,NA,NA,NA,NA,NA,NA,NA,NA,NA,NA,NA,NA,NA,NA,NA,NA,NA,NA,NA,2,0,U,ok,1,yes,NA,NA,NA,NA,no,no
odo_0241.sw1,odo_0241,3,swab,cons,121,121,190,194,275,279,189,189,218,224,135,135,177,179,240,240,NA,194,196,234,236,2,10,F,ok,1,yes,NA,NA,NA,NA,yes,yes
odo_0241d.TK1,odo_0241,3,dry,cons,NA,NA,NA,NA,NA,NA,NA,NA,NA,NA,NA,NA,NA,NA,NA,NA,NA,NA,NA,NA,NA,2,0,U,ok,1,yes,NA,NA,NA,NA,no,no
odo_0241E.TK1,odo_0241,3,EtOH,cons,NA,NA,NA,NA,NA,NA,NA,NA,NA,NA,NA,NA,NA,NA,NA,NA,NA,NA,NA,NA,NA,2,0,U,ok,1,yes,NA,NA,NA,NA,no,no
odo_0242.sw1,odo_0242,2,swab,cons,121,121,182,190,271,283,185,185,218,232,123,135,177,181,242,242,NA,198,200,238,246,2,10,F,ok,1,yes,NA,NA,NA,NA,yes,yes
odo_0242d.TK1,odo_0242,2,dry,cons,NA,NA,NA,NA,NA,NA,NA,NA,NA,NA,NA,NA,NA,NA,NA,NA,NA,NA,NA,NA,NA,2,0,U,ok,1,yes,NA,NA,NA,NA,no,no
odo_0242E.TK1,odo_0242,2,EtOH,cons,NA,NA,NA,NA,NA,NA,NA,NA,NA,NA,NA,NA,NA,NA,NA,NA,NA,NA,NA,NA,NA,2,0,U,ok,1,yes,NA,NA,NA,NA,no,no
odo_0243.sw1,odo_0243,2.5,swab,cons,121,121,182,190,271,283,185,185,218,232,123,123,177,181,242,242,NA,198,200,238,246,2,10,F,ok,1,yes,NA,NA,NA,NA,yes,yes
odo_0243d.TK1,odo_0243,2.5,dry,cons,NA,NA,NA,NA,NA,NA,NA,NA,NA,NA,NA,NA,NA,NA,NA,NA,NA,NA,NA,NA,NA,2,0,U,ok,1,yes,NA,NA,NA,NA,no,no
odo_0243E.TK1,odo_0243,2.5,EtOH,cons,NA,NA,NA,NA,NA,NA,NA,NA,NA,NA,NA,NA,NA,NA,NA,NA,NA,NA,NA,NA,NA,2,0,U,ok,1,yes,NA,NA,NA,NA,no,no
odo_0244.sw1,odo_0244,3,swab,cons,121,143,182,190,257,283,185,189,232,232,135,135,181,183,240,242,NA,196,200,238,238,2,10,U,ok,1,yes,NA,NA,NA,NA,yes,yes
odo_0244d.TK1,odo_0244,3,dry,cons,NA,NA,NA,NA,NA,NA,NA,NA,NA,NA,NA,NA,NA,NA,NA,NA,NA,NA,NA,NA,NA,1,0,U,ok,0,yes,NA,NA,NA,NA,no,no
odo_0244E.TK1,odo_0244,3,EtOH,cons,NA,NA,NA,NA,NA,NA,NA,NA,NA,NA,NA,NA,NA,NA,NA,NA,NA,NA,NA,NA,NA,2,0,U,ok,1,yes,NA,NA,NA,NA,no,no
odo_0245.sw1,odo_0245,2,swab,cons,121,143,190,194,271,271,185,198,220,222,135,135,175,177,240,242,NA,194,196,228,232,2,10,F,ok,1,yes,NA,NA,NA,NA,yes,yes
odo_0245d.TK1,odo_0245,2,dry,cons,NA,NA,NA,NA,NA,NA,NA,NA,NA,NA,NA,NA,NA,NA,NA,NA,NA,NA,NA,NA,NA,1,0,U,ok,0,yes,NA,NA,NA,NA,no,no
odo_0245E.TK1,odo_0245,2,EtOH,cons,NA,NA,NA,NA,NA,NA,NA,NA,NA,NA,NA,NA,NA,NA,NA,NA,NA,NA,NA,NA,NA,2,0,U,ok,1,yes,NA,NA,NA,NA,no,no
odo_0246.sw1,odo_0246,3.5,swab,cons,143,143,190,190,257,271,185,185,236,240,131,135,175,175,240,242,NA,194,196,228,232,2,10,F,ok,1,yes,NA,NA,NA,NA,yes,yes
odo_0246d.TK1,odo_0246,3.5,dry,cons,NA,NA,NA,NA,NA,NA,NA,NA,NA,NA,NA,NA,NA,NA,NA,NA,NA,NA,NA,NA,NA,2,0,U,ok,1,yes,NA,NA,NA,NA,no,no
odo_0246E.TK1,odo_0246,3.5,EtOH,cons,NA,NA,NA,NA,NA,NA,NA,NA,NA,NA,NA,NA,NA,NA,NA,NA,NA,NA,NA,NA,NA,1,0,U,ok,0,yes,NA,NA,NA,NA,no,no
odo_0247.sw1,odo_0247,3.5,swab,cons,121,143,182,190,253,275,185,189,222,222,123,135,175,177,242,242,177,196,200,244,244,2,10,M,ok,1,yes,NA,NA,NA,NA,yes,yes
odo_0247d.TK1,odo_0247,3.5,dry,cons,NA,NA,NA,NA,NA,NA,NA,NA,NA,NA,NA,NA,NA,NA,NA,NA,NA,NA,NA,NA,NA,2,0,U,ok,1,yes,NA,NA,NA,NA,no,no
odo_0247E.TK1,odo_0247,3.5,EtOH,cons,NA,NA,NA,NA,NA,NA,NA,NA,NA,NA,NA,NA,NA,NA,NA,NA,NA,NA,NA,NA,NA,2,0,U,ok,1,yes,NA,NA,NA,NA,no,no
odo_0248.sw1,odo_0248,3.5,swab,cons,143,143,194,194,271,271,189,189,220,220,129,135,NA,NA,242,242,NA,196,196,230,230,2,9,U,ok,1,yes,19,fail,fail,NA,yes,no
odo_0248d.TK1,odo_0248,3.5,dry,cons,143,143,190,194,NA,NA,189,189,218,220,129,135,173,183,242,242,NA,196,196,230,230,2,9,U,ok,1,yes,19,33.87627029,13.24837303,1.695791748,yes,no
odo_0248E.TK1,odo_0248,3.5,EtOH,cons,143,143,190,194,NA,NA,189,189,NA,NA,129,135,NA,NA,NA,NA,NA,196,196,NA,NA,2,5,U,ok,1,yes,19,35.22199631,5.178868771,0.662895203,no,no
odo_0249.sw1,odo_0249,3.5,swab,cons,121,121,182,182,271,271,193,193,228,228,129,129,NA,NA,242,242,177,196,196,230,230,2,9,M,ok,1,yes,19,42.17713165,0.042170994,0.005397887,yes,no
odo_0249d.TK1,odo_0249,3.5,dry,cons,121,121,182,190,263,271,185,193,220,228,129,135,175,175,240,242,177,196,196,230,230,2,10,M,ok,1,yes,19,35.4739151,4.403699875,0.563673584,yes,yes
odo_0249E.TK1,odo_0249,3.5,EtOH,cons,121,121,182,190,NA,NA,185,193,NA,NA,129,135,NA,NA,NA,NA,177,196,196,230,230,2,6,M,ok,1,yes,19,34.21053314,10.55569267,1.351128662,no,no
odo_0250.sw1,odo_0250,3.5,swab,cons,143,143,190,198,279,285,189,193,220,236,127,135,177,183,242,242,NA,196,196,232,240,2,10,F,ok,1,yes,19,33.45095825,18.63045311,2.384697998,yes,yes
odo_0250d.TK1,odo_0250,3.5,dry,cons,NA,NA,NA,NA,NA,NA,NA,NA,NA,NA,NA,NA,NA,NA,NA,NA,NA,NA,NA,NA,NA,2,0,U,ok,1,yes,19,32.7143631,29.78417778,3.812374756,no,no
odo_0250E.TK1,odo_0250,3.5,EtOH,cons,143,143,190,198,279,285,189,193,220,236,127,135,177,183,242,242,NA,196,196,232,240,2,10,F,ok,1,yes,19,31.77439499,57.89957428,7.411145508,yes,yes
odo_0251.sw1,odo_0251,4,swab,cons,121,143,190,190,269,275,189,189,228,232,131,135,175,175,240,242,NA,194,198,232,232,2,10,U,ok,1,yes,19,34.46807861,9.112308502,1.166375488,yes,yes
odo_0251d.TK1,odo_0251,4,dry,cons,NA,NA,NA,NA,NA,NA,NA,NA,NA,NA,NA,NA,NA,NA,NA,NA,NA,NA,NA,NA,NA,2,0,U,ok,1,yes,19,33.52140808,17.03802681,2.180867432,no,no
odo_0251E.TK1,odo_0251,4,EtOH,cons,121,143,190,190,269,275,189,189,228,232,131,135,175,175,240,242,NA,194,198,232,232,2,10,U,ok,1,yes,19,32.13379288,48.38047409,6.192700684,yes,yes
odo_0252.sw1,odo_0252,3,swab,cons,143,143,182,182,263,275,182,193,218,222,127,135,173,173,240,242,177,194,196,232,232,2,10,M,ok,1,yes,19,39.54603958,0.253604501,0.032461376,yes,yes
odo_0252d.TK1,odo_0252,3,dry,cons,143,143,182,182,263,275,182,193,218,222,127,135,173,175,NA,NA,177,196,196,NA,NA,2,8,M,ok,1,yes,19,32.57460785,34.20368576,4.378071777,yes,no
odo_0252E.TK1,odo_0252,3,EtOH,cons,143,143,182,182,NA,NA,182,193,NA,NA,127,135,173,175,NA,NA,177,196,196,NA,NA,2,6,M,ok,1,yes,19,34.9624176,6.33061409,0.810318604,no,no
odo_0253.sw1,odo_0253,3.5,swab,cons,121,121,190,194,253,271,170,189,224,224,129,129,173,173,242,242,NA,196,196,230,230,2,10,U,ok,1,yes,19,34.97535706,6.151208878,0.787354736,yes,yes
odo_0253d.TK1,odo_0253,3.5,dry,cons,121,121,190,194,NA,NA,189,189,220,240,127,129,173,173,242,242,NA,196,196,NA,NA,2,8,U,ok,1,yes,19,32.42444611,36.57514954,4.681619141,yes,no
odo_0253E.TK1,odo_0253,3.5,EtOH,cons,121,121,190,194,NA,NA,189,189,NA,NA,127,129,NA,NA,NA,NA,NA,196,196,NA,NA,2,5,U,ok,1,yes,19,34.68166733,7.593616009,0.971982849,no,no
odo_0255.sw1,odo_0255,3.5,swab,cons,121,121,182,190,257,269,189,193,218,230,135,135,175,177,242,242,NA,196,200,234,236,2,10,F,ok,1,yes,19,33.89310837,13.08744907,1.675193481,yes,yes
odo_0255d.TK1,odo_0255,3.5,dry,cons,121,121,182,190,257,269,189,193,218,228,135,135,175,177,242,242,NA,196,200,234,236,2,10,F,ok,1,yes,19,32.37478638,38.61579895,4.942822266,yes,yes
odo_0255E.TK1,odo_0255,3.5,EtOH,cons,NA,NA,182,190,257,263,NA,NA,NA,NA,NA,NA,NA,NA,242,242,NA,NA,NA,NA,NA,2,3,U,ok,1,yes,19,36.46946716,2.169112921,0.277646454,no,no
odo_0256.sw1,odo_0256,3,swab,cons,121,121,182,190,257,289,189,193,224,228,123,131,175,177,240,242,NA,196,200,234,244,2,10,F,ok,1,yes,19,32.58712006,32.54895782,4.166266601,yes,yes
odo_0256d.TK1,odo_0256,3,dry,cons,121,121,182,190,257,289,189,193,224,228,123,123,175,177,240,242,NA,196,200,234,244,2,10,F,ok,1,yes,19,31.46646881,71.93190002,9.207283203,yes,yes
odo_0256E.TK1,odo_0256,3,EtOH,cons,121,121,182,190,257,289,189,193,224,228,123,123,175,177,240,242,NA,196,200,234,244,2,10,F,ok,1,yes,19,33.00752258,24.74726486,3.167649902,yes,yes
odo_0257.sw1,odo_0257,3,swab,cons,121,121,182,190,271,283,185,185,218,232,123,135,177,181,242,242,NA,198,200,238,246,2,10,F,ok,1,yes,19,30.35580635,154.4856567,19.77416406,yes,yes
odo_0257d.TK1,odo_0257,3,dry,cons,121,121,182,190,271,283,185,185,218,232,123,123,177,181,242,242,NA,198,200,238,246,2,10,F,ok,1,yes,19,28.94971466,412.171051,52.75789453,yes,yes
odo_0257E.TK1,odo_0257,3,EtOH,cons,121,121,182,190,271,283,185,185,218,232,123,123,177,181,242,242,NA,198,200,238,246,2,10,F,ok,1,yes,19,30.69087601,122.9134216,15.73291796,yes,yes
odo_0258.sw1,odo_0258,3,swab,cons,121,121,182,190,271,283,185,185,218,232,123,135,177,181,242,242,NA,198,200,238,246,2,10,F,ok,1,yes,19,32.38838577,37.40242767,4.787510742,yes,yes
odo_0258d.TK1,odo_0258,3,dry,cons,121,121,182,190,271,283,185,185,218,232,123,123,177,181,242,242,NA,198,200,238,246,2,10,F,ok,1,yes,19,29.44534874,291.4061584,37.29998828,yes,yes
odo_0258E.TK1,odo_0258,3,EtOH,cons,121,121,182,190,271,283,185,185,218,232,123,123,177,181,242,242,NA,198,200,238,246,2,10,F,ok,1,yes,19,32.50054932,34.75939941,4.449203124,yes,yes
odo_0259.sw1,odo_0259,3,swab,cons,121,121,182,190,271,283,185,185,218,232,123,135,177,181,242,242,NA,198,200,238,246,1,10,F,ok,0,yes,19,32.16759109,44.8208313,5.737066406,yes,yes
odo_0259d.TK1,odo_0259,3,dry,cons,121,121,182,190,271,283,185,185,218,232,123,123,177,181,242,242,NA,198,200,238,246,2,10,F,ok,1,yes,19,29.94582367,205.854187,26.34933594,yes,yes
odo_0259E.TK1,odo_0259,3,EtOH,cons,121,121,182,190,271,283,185,185,218,232,123,123,177,181,242,242,NA,198,200,238,246,1,10,F,ok,0,yes,19,33.60651398,16.10066414,2.06088501,yes,yes
odo_0260.sw1,odo_0260,4,swab,cons,121,124,NA,NA,NA,NA,191,191,NA,NA,NA,NA,NA,NA,NA,NA,NA,196,196,NA,NA,1,3,U,ok,0,yes,NA,NA,NA,NA,no,no
odo_0260d.TK1,odo_0260,4,dry,cons,NA,NA,NA,NA,NA,NA,NA,NA,NA,NA,NA,NA,NA,NA,NA,NA,NA,NA,NA,NA,NA,1,0,U,ok,0,yes,NA,NA,NA,NA,no,no
odo_0260E.TK1,odo_0260,4,EtOH,cons,NA,NA,NA,NA,NA,NA,NA,NA,NA,NA,NA,NA,NA,NA,NA,NA,NA,NA,NA,NA,NA,1,0,U,ok,0,yes,NA,NA,NA,NA,no,no
odo_0261.sw1,odo_0261,3,swab,cons,121,143,190,190,253,289,185,189,224,236,135,139,183,183,240,242,NA,196,198,230,238,1,10,F,ok,0,yes,NA,NA,NA,NA,yes,yes
odo_0261d.TK1,odo_0261,3,dry,cons,NA,NA,NA,NA,NA,NA,NA,NA,NA,NA,NA,NA,NA,NA,NA,NA,NA,NA,NA,NA,NA,1,0,U,ok,0,yes,NA,NA,NA,NA,no,no
odo_0261E.TK1,odo_0261,3,EtOH,cons,NA,NA,NA,NA,NA,NA,NA,NA,NA,NA,NA,NA,NA,NA,NA,NA,NA,NA,NA,NA,NA,1,0,U,ok,0,yes,NA,NA,NA,NA,no,no
